application-body/@lang	pat:ApplicationBody/@com:languageCode
application-body/@file	pat:ApplicationBody/@com:documentFileName
application-body/@file-reference-id	pat:ApplicationBody/@com:fileReferenceIdentifier
application-body/@country	pat:ApplicationBody/@com:receivingOffice
application-body/@status	pat:ApplicationBody/@pat:applicationBodyStatus
application-body/doc-page	pat:ApplicationBody/pat:DocumentURI
application-body/description	pat:ApplicationBody/pat:Description
application-body/description/@id	pat:ApplicationBody/pat:Description/@com:id
application-body/description/@lang	pat:ApplicationBody/pat:Description/@com:languageCode
application-body/description/doc-page	pat:ApplicationBody/pat:Description/pat:DocumentURI
application-body/description/invention-title	pat:ApplicationBody/pat:Description/pat:InventionTitle
application-body/description/technical-field	pat:ApplicationBody/pat:Description/pat:TechnicalField
application-body/description/technical-field/@id	pat:ApplicationBody/pat:Description/pat:TechnicalField/@com:id
application-body/description/technical-field/heading	pat:ApplicationBody/pat:Description/pat:TechnicalField/com:Heading
application-body/description/technical-field/p	pat:ApplicationBody/pat:Description/pat:TechnicalField/com:P
application-body/description/background-art	pat:ApplicationBody/pat:Description/pat:BackgroundArt
application-body/description/background-art/@id	pat:ApplicationBody/pat:Description/pat:BackgroundArt/@com:id
application-body/description/background-art/heading	pat:ApplicationBody/pat:Description/pat:BackgroundArt/com:Heading
application-body/description/background-art/p	pat:ApplicationBody/pat:Description/pat:BackgroundArt/com:P
application-body/description/disclosure	pat:ApplicationBody/pat:Description/pat:Disclosure
application-body/description/disclosure/@id	pat:ApplicationBody/pat:Description/pat:Disclosure/@com:id
application-body/description/disclosure/tech-problem	pat:ApplicationBody/pat:Description/pat:Disclosure/pat:TechnicalProblem
application-body/description/disclosure/tech-problem/@id	pat:ApplicationBody/pat:Description/pat:Disclosure/pat:TechnicalProblem/@com:id
application-body/description/disclosure/tech-problem/heading	pat:ApplicationBody/pat:Description/pat:Disclosure/pat:TechnicalProblem/com:Heading
application-body/description/disclosure/tech-problem/p	pat:ApplicationBody/pat:Description/pat:Disclosure/pat:TechnicalProblem/com:P
application-body/description/disclosure/tech-solution	pat:ApplicationBody/pat:Description/pat:Disclosure/pat:TechnicalSolution
application-body/description/disclosure/tech-solution/@id	pat:ApplicationBody/pat:Description/pat:Disclosure/pat:TechnicalSolution/@com:id
application-body/description/disclosure/tech-solution/heading	pat:ApplicationBody/pat:Description/pat:Disclosure/pat:TechnicalSolution/com:Heading
application-body/description/disclosure/tech-solution/p	pat:ApplicationBody/pat:Description/pat:Disclosure/pat:TechnicalSolution/com:P
application-body/description/disclosure/advantageous-effects	pat:ApplicationBody/pat:Description/pat:Disclosure/pat:AdvantageousEffects
application-body/description/disclosure/advantageous-effects/@id	pat:ApplicationBody/pat:Description/pat:Disclosure/pat:AdvantageousEffects/@com:id
application-body/description/disclosure/advantageous-effects/heading	pat:ApplicationBody/pat:Description/pat:Disclosure/pat:AdvantageousEffects/com:Heading
application-body/description/disclosure/advantageous-effects/p	pat:ApplicationBody/pat:Description/pat:Disclosure/pat:AdvantageousEffects/com:P
application-body/description/disclosure/heading	pat:ApplicationBody/pat:Description/pat:Disclosure/com:Heading
application-body/description/disclosure/p	pat:ApplicationBody/pat:Description/pat:Disclosure/com:P
application-body/description/summary-of-invention	pat:ApplicationBody/pat:Description/pat:InventionSummary
application-body/description/summary-of-invention/@id	pat:ApplicationBody/pat:Description/pat:InventionSummary/@com:id
application-body/description/summary-of-invention/tech-problem	pat:ApplicationBody/pat:Description/pat:InventionSummary/pat:TechnicalProblem
application-body/description/summary-of-invention/tech-problem/@id	pat:ApplicationBody/pat:Description/pat:InventionSummary/pat:TechnicalProblem/@com:id
application-body/description/summary-of-invention/tech-problem/heading	pat:ApplicationBody/pat:Description/pat:InventionSummary/pat:TechnicalProblem/com:Heading
application-body/description/summary-of-invention/tech-problem/p	pat:ApplicationBody/pat:Description/pat:InventionSummary/pat:TechnicalProblem/com:P
application-body/description/summary-of-invention/tech-solution	pat:ApplicationBody/pat:Description/pat:InventionSummary/pat:TechnicalSolution
application-body/description/summary-of-invention/tech-solution/@id	pat:ApplicationBody/pat:Description/pat:InventionSummary/pat:TechnicalSolution/@com:id
application-body/description/summary-of-invention/tech-solution/heading	pat:ApplicationBody/pat:Description/pat:InventionSummary/pat:TechnicalSolution/com:Heading
application-body/description/summary-of-invention/tech-solution/p	pat:ApplicationBody/pat:Description/pat:InventionSummary/pat:TechnicalSolution/com:P
application-body/description/summary-of-invention/advantageous-effects	pat:ApplicationBody/pat:Description/pat:InventionSummary/pat:AdvantageousEffects
application-body/description/summary-of-invention/advantageous-effects/@id	pat:ApplicationBody/pat:Description/pat:InventionSummary/pat:AdvantageousEffects/@com:id
application-body/description/summary-of-invention/advantageous-effects/heading	pat:ApplicationBody/pat:Description/pat:InventionSummary/pat:AdvantageousEffects/com:Heading
application-body/description/summary-of-invention/advantageous-effects/p	pat:ApplicationBody/pat:Description/pat:InventionSummary/pat:AdvantageousEffects/com:P
application-body/description/summary-of-invention/heading	pat:ApplicationBody/pat:Description/pat:InventionSummary/com:Heading
application-body/description/summary-of-invention/p	pat:ApplicationBody/pat:Description/pat:InventionSummary/com:P
application-body/description/description-of-drawings	pat:ApplicationBody/pat:Description/pat:DrawingDescription
application-body/description/description-of-drawings/@id	pat:ApplicationBody/pat:Description/pat:DrawingDescription/@com:id
application-body/description/description-of-drawings/heading	pat:ApplicationBody/pat:Description/pat:DrawingDescription/com:Heading
application-body/description/description-of-drawings/p	pat:ApplicationBody/pat:Description/pat:DrawingDescription/com:P
application-body/description/description-of-embodiments	pat:ApplicationBody/pat:Description/pat:EmbodimentDescription
application-body/description/description-of-embodiments/@id	pat:ApplicationBody/pat:Description/pat:EmbodimentDescription/@com:id
application-body/description/description-of-embodiments/embodiments-example	pat:ApplicationBody/pat:Description/pat:EmbodimentDescription/pat:EmbodimentExample
application-body/description/description-of-embodiments/embodiments-example/@id	pat:ApplicationBody/pat:Description/pat:EmbodimentDescription/pat:EmbodimentExample/@com:id
application-body/description/description-of-embodiments/embodiments-example/@ex-num	pat:ApplicationBody/pat:Description/pat:EmbodimentDescription/pat:EmbodimentExample/@pat:exampleNumber
application-body/description/description-of-embodiments/embodiments-example/heading	pat:ApplicationBody/pat:Description/pat:EmbodimentDescription/pat:EmbodimentExample/com:Heading
application-body/description/description-of-embodiments/embodiments-example/p	pat:ApplicationBody/pat:Description/pat:EmbodimentDescription/pat:EmbodimentExample/com:P
application-body/description/description-of-embodiments/heading	pat:ApplicationBody/pat:Description/pat:EmbodimentDescription/com:Heading
application-body/description/description-of-embodiments/p	pat:ApplicationBody/pat:Description/pat:EmbodimentDescription/com:P
application-body/description/best-mode	pat:ApplicationBody/pat:Description/pat:BestMode
application-body/description/best-mode/@id	pat:ApplicationBody/pat:Description/pat:BestMode/@com:id
application-body/description/best-mode/heading	pat:ApplicationBody/pat:Description/pat:BestMode/com:Heading
application-body/description/best-mode/p	pat:ApplicationBody/pat:Description/pat:BestMode/com:P
application-body/description/mode-for-invention	pat:ApplicationBody/pat:Description/pat:InventionMode
application-body/description/mode-for-invention/@id	pat:ApplicationBody/pat:Description/pat:InventionMode/@com:id
application-body/description/mode-for-invention/heading	pat:ApplicationBody/pat:Description/pat:InventionMode/com:Heading
application-body/description/mode-for-invention/p	pat:ApplicationBody/pat:Description/pat:InventionMode/com:P
application-body/description/industrial-applicability	pat:ApplicationBody/pat:Description/pat:IndustrialApplicability
application-body/description/industrial-applicability/@id	pat:ApplicationBody/pat:Description/pat:IndustrialApplicability/@com:id
application-body/description/industrial-applicability/heading	pat:ApplicationBody/pat:Description/pat:IndustrialApplicability/com:Heading
application-body/description/industrial-applicability/p	pat:ApplicationBody/pat:Description/pat:IndustrialApplicability/com:P
application-body/description/reference-signs-list	pat:ApplicationBody/pat:Description/pat:ReferenceSignBag
application-body/description/reference-signs-list/@id	pat:ApplicationBody/pat:Description/pat:ReferenceSignBag/@com:id
application-body/description/reference-signs-list/heading	pat:ApplicationBody/pat:Description/pat:ReferenceSignBag/com:Heading
application-body/description/reference-signs-list/p	pat:ApplicationBody/pat:Description/pat:ReferenceSignBag/com:P
application-body/description/reference-to-deposited-biological-material	pat:ApplicationBody/pat:Description/pat:DepositedBiologicalMaterialReference
application-body/description/reference-to-deposited-biological-material/@id	pat:ApplicationBody/pat:Description/pat:DepositedBiologicalMaterialReference/@com:id
application-body/description/reference-to-deposited-biological-material/heading	pat:ApplicationBody/pat:Description/pat:DepositedBiologicalMaterialReference/com:Heading
application-body/description/reference-to-deposited-biological-material/p	pat:ApplicationBody/pat:Description/pat:DepositedBiologicalMaterialReference/com:P
application-body/description/sequence-list-text	pat:ApplicationBody/pat:Description/pat:SequenceListText
application-body/description/sequence-list-text/@id	pat:ApplicationBody/pat:Description/pat:SequenceListText/@com:id
application-body/description/sequence-list-text/heading	pat:ApplicationBody/pat:Description/pat:SequenceListText/com:Heading
application-body/description/sequence-list-text/p	pat:ApplicationBody/pat:Description/pat:SequenceListText/com:P
application-body/description/citation-list	pat:ApplicationBody/pat:Description/com:CitationBag
application-body/description/citation-list/@id	pat:ApplicationBody/pat:Description/com:CitationBag/@com:id
application-body/description/citation-list/patent-literature	pat:ApplicationBody/pat:Description/com:CitationBag/com:PatentCitationBag
application-body/description/citation-list/patent-literature/heading	pat:ApplicationBody/pat:Description/com:CitationBag/com:PatentCitationBag/com:Heading
application-body/description/citation-list/patent-literature/p	pat:ApplicationBody/pat:Description/com:CitationBag/com:PatentCitationBag/com:P
application-body/description/citation-list/non-patent-literature	pat:ApplicationBody/pat:Description/com:CitationBag/com:NPLCitationBag
application-body/description/citation-list/non-patent-literature/heading	pat:ApplicationBody/pat:Description/com:CitationBag/com:NPLCitationBag/com:Heading
application-body/description/citation-list/non-patent-literature/p	pat:ApplicationBody/pat:Description/com:CitationBag/com:NPLCitationBag/com:P
application-body/description/citation-list/heading	pat:ApplicationBody/pat:Description/com:CitationBag/com:Heading
application-body/description/citation-list/p	pat:ApplicationBody/pat:Description/com:CitationBag/com:P
application-body/description/heading	pat:ApplicationBody/pat:Description/com:Heading/com:Del/text()
application-body/description/heading/@level	pat:ApplicationBody/pat:Description/com:Heading/com:Del/text()
application-body/description/heading/@id	pat:ApplicationBody/pat:Description/com:Heading/com:Del/text()
application-body/description/heading/text()	pat:ApplicationBody/pat:Description/com:Heading/com:Del/text()
application-body/description/heading/b	pat:ApplicationBody/pat:Description/com:Heading/com:Del/text()
application-body/description/heading/b/text()	pat:ApplicationBody/pat:Description/com:Heading/com:Del/text()
application-body/description/heading/i	pat:ApplicationBody/pat:Description/com:Heading/com:Del/text()
application-body/description/heading/i/text()	pat:ApplicationBody/pat:Description/com:Heading/com:Del/text()
application-body/description/heading/u	pat:ApplicationBody/pat:Description/com:Heading/com:Del/text()
application-body/description/heading/u/text()	pat:ApplicationBody/pat:Description/com:Heading/com:Del/text()
application-body/description/heading/o	pat:ApplicationBody/pat:Description/com:Heading/com:Del/text()
application-body/description/heading/o/text()	pat:ApplicationBody/pat:Description/com:Heading/com:Del/text()
application-body/description/heading/sup	pat:ApplicationBody/pat:Description/com:Heading/com:Del/text()
application-body/description/heading/sup/text()	pat:ApplicationBody/pat:Description/com:Heading/com:Del/text()
application-body/description/heading/sub	pat:ApplicationBody/pat:Description/com:Heading/com:Del/text()
application-body/description/heading/sub/text()	pat:ApplicationBody/pat:Description/com:Heading/com:Del/text()
application-body/description/heading/smallcaps	pat:ApplicationBody/pat:Description/com:Heading/com:Del/text()
application-body/description/heading/smallcaps/text()	pat:ApplicationBody/pat:Description/com:Heading/com:Del/text()
application-body/description/p	pat:ApplicationBody/pat:Description/com:P
application-body/claims	pat:ApplicationBody/pat:Claims/pat:Claim
application-body/claims/@id	pat:ApplicationBody/pat:Claims/@com:id
application-body/abstract	pat:ApplicationBody/pat:Abstract
application-body/abstract/@id	pat:ApplicationBody/pat:Abstract/@com:id
application-body/abstract/@lang	pat:ApplicationBody/pat:Abstract/@com:languageCode
application-body/abstract/doc-page	pat:ApplicationBody/pat:Abstract/pat:DocumentURI
application-body/abstract/p	pat:ApplicationBody/pat:Abstract/com:P
application-body/drawings	pat:ApplicationBody/pat:Drawings
application-body/drawings/@id	pat:ApplicationBody/pat:Drawings/@com:id
application-body/drawings/doc-page	pat:ApplicationBody/pat:Drawings/pat:DocumentURI
application-body/drawings/figure	pat:ApplicationBody/pat:Drawings/pat:Figure
b	com:B
b/text()	com:B/text()
b/i	com:B/com:I
b/i/text()	com:B/com:I/text()
b/i/b	com:B/com:I/com:B
b/i/b/text()	com:B/com:I/com:B/text()
b/i/u	com:B/com:I/com:U
b/i/u/text()	com:B/com:I/com:U/text()
b/i/o	com:B/com:I/com:O
b/i/o/text()	com:B/com:I/com:O/text()
b/i/sup	com:B/com:I/com:Sup
b/i/sup/text()	com:B/com:I/com:Sup/text()
b/i/sub	com:B/com:I/com:Sub
b/i/sub/text()	com:B/com:I/com:Sub/text()
b/u	com:B/com:U
b/u/text()	com:B/com:U/text()
b/u/b	com:B/com:U/com:B
b/u/b/text()	com:B/com:U/com:B/text()
b/u/i	com:B/com:U/com:I
b/u/i/text()	com:B/com:U/com:I/text()
b/u/sup	com:B/com:U/com:Sup
b/u/sup/text()	com:B/com:U/com:Sup/text()
b/u/sub	com:B/com:U/com:Sub
b/u/sub/text()	com:B/com:U/com:Sub/text()
b/o	com:B/com:O
b/o/text()	com:B/com:O/text()
b/o/b	com:B/com:O/com:B
b/o/b/text()	com:B/com:O/com:B/text()
b/o/i	com:B/com:O/com:I
b/o/i/text()	com:B/com:O/com:I/text()
b/o/sup	com:B/com:O/com:Sup
b/o/sup/text()	com:B/com:O/com:Sup/text()
b/o/sub	com:B/com:O/com:Sub
b/o/sub/text()	com:B/com:O/com:Sub/text()
b/smallcaps	com:B/com:SmallCapital
b/smallcaps/text()	com:B/com:SmallCapital/text()
b/smallcaps/b	com:B/com:SmallCapital/com:B
b/smallcaps/b/text()	com:B/com:SmallCapital/com:B/text()
b/smallcaps/u	com:B/com:SmallCapital/com:U
b/smallcaps/u/text()	com:B/com:SmallCapital/com:U/text()
b/smallcaps/i	com:B/com:SmallCapital/com:I
b/smallcaps/i/text()	com:B/com:SmallCapital/com:I/text()
b/smallcaps/o	com:B/com:SmallCapital/com:O
b/smallcaps/o/text()	com:B/com:SmallCapital/com:O/text()
b/sup/b	com:B/com:Sup/com:B
b/sup/b/text()	com:B/com:Sup/com:B/text()
b/sup/u	com:B/com:Sup/com:U
b/sup/u/text()	com:B/com:Sup/com:U/text()
b/sup/i	com:B/com:Sup/com:I
b/sup/i/text()	com:B/com:Sup/com:I/text()
b/sup/o	com:B/com:Sup/com:O
b/sup/o/text()	com:B/com:Sup/com:O/text()
b/sup/sup2	com:B/com:Sup/com:Sup2
b/sup/sup2/text()	com:B/com:Sup/com:Sup2/text()
b/sup/sup2/b	com:B/com:Sup/com:Sup2/com:B
b/sup/sup2/b/text()	com:B/com:Sup/com:Sup2/com:B/text()
b/sup/sup2/u	com:B/com:Sup/com:Sup2/com:U
b/sup/sup2/u/text()	com:B/com:Sup/com:Sup2/com:U/text()
b/sup/sup2/i	com:B/com:Sup/com:Sup2/com:I
b/sup/sup2/i/text()	com:B/com:Sup/com:Sup2/com:I/text()
b/sup/sup2/o	com:B/com:Sup/com:Sup2/com:O
b/sup/sup2/o/text()	com:B/com:Sup/com:Sup2/com:O/text()
b/sup/sub2	com:B/com:Sup/com:Sub2
b/sup/sub2/text()	com:B/com:Sup/com:Sub2/text()
b/sup/sub2/b	com:B/com:Sup/com:Sub2/com:B
b/sup/sub2/b/text()	com:B/com:Sup/com:Sub2/com:B/text()
b/sup/sub2/u	com:B/com:Sup/com:Sub2/com:U
b/sup/sub2/u/text()	com:B/com:Sup/com:Sub2/com:U/text()
b/sup/sub2/i	com:B/com:Sup/com:Sub2/com:I
b/sup/sub2/i/text()	com:B/com:Sup/com:Sub2/com:I/text()
b/sup/sub2/o	com:B/com:Sup/com:Sub2/com:O
b/sup/sub2/o/text()	com:B/com:Sup/com:Sub2/com:O/text()
b/sub	com:B/com:Sup
b/sub/text()	com:B/com:Sup/text()
b/sub/b	com:B/com:Sub/com:B
b/sub/b/text()	com:B/com:Sub/com:B/text()
b/sub/u	com:B/com:Sub/com:U
b/sub/u/text()	com:B/com:Sub/com:U/text()
b/sub/i	com:B/com:Sub/com:I
b/sub/i/text()	com:B/com:Sub/com:I/text()
b/sub/o	com:B/com:Sub/com:O
b/sub/o/text()	com:B/com:Sub/com:O/text()
b/sub/sup2	com:B/com:Sub/com:Sup2
b/sub/sup2/text()	com:B/com:Sub/com:Sup2/text()
b/sub/sup2/b	com:B/com:Sub/com:Sup2/com:B
b/sub/sup2/b/text()	com:B/com:Sub/com:Sup2/com:B/text()
b/sub/sup2/u	com:B/com:Sub/com:Sup2/com:U
b/sub/sup2/u/text()	com:B/com:Sub/com:Sup2/com:U/text()
b/sub/sup2/i	com:B/com:Sub/com:Sup2/com:I
b/sub/sup2/i/text()	com:B/com:Sub/com:Sup2/com:I/text()
b/sub/sup2/o	com:B/com:Sub/com:Sup2/com:O
b/sub/sup2/o/text()	com:B/com:Sub/com:Sup2/com:O/text()
b/sub/sub2	com:B/com:Sub/com:Sub2
b/sub/sub2/text()	com:B/com:Sub/com:Sub2/text()
b/sub/sub2/b	com:B/com:Sub/com:Sub2/com:B
b/sub/sub2/b/text()	com:B/com:Sub/com:Sub2/com:B/text()
b/sub/sub2/u	com:B/com:Sub/com:Sub2/com:U
b/sub/sub2/u/text()	com:B/com:Sub/com:Sub2/com:U/text()
b/sub/sub2/i	com:B/com:Sub/com:Sub2/com:I
b/sub/sub2/i/text()	com:B/com:Sub/com:Sub2/com:I/text()
b/sub/sub2/o	com:B/com:Sub/com:Sub2/com:O
b/sub/sub2/o/text()	com:B/com:Sub/com:Sub2/com:O/text()
i	com:I
i/text()	com:I/text()
i/b	com:I/com:B
i/u	com:I/com:U/com:B/com:U
i/o	com:I/com:O
i/smallcaps	com:I/com:SmallCapital
i/sup	com:I/com:Sup
i/sub	com:I/com:Sub
li	com:LI
li/@id	com:LI/@com:id
li/@num	com:LI/@com:liNumber
li/text()	com:LI/text()
li/b	com:LI/com:B
li/b/text()	com:LI/com:B/text()
li/b/i	com:LI/com:B/com:I
li/b/i/text()	com:LI/com:B/com:I/text()
li/b/u	com:LI/com:B/com:U
li/b/u/text()	com:LI/com:B/com:U/text()
li/b/o	com:LI/com:B/com:O
li/b/o/text()	com:LI/com:B/com:O/text()
li/b/sup	com:LI/com:B/com:Sup
li/b/sup/text()	com:LI/com:B/com:Sup/text()
li/b/sub	com:LI/com:B/com:Sub
li/b/sub/text()	com:LI/com:B/com:Sub/text()
li/i	com:LI/com:I
li/i/text()	com:LI/com:I/text()
li/i/b	com:LI/com:I/com:B
li/i/b/text()	com:LI/com:I/com:B/text()
li/i/u	com:LI/com:I/com:U
li/i/u/text()	com:LI/com:I/com:U/text()
li/i/o	com:LI/com:I/com:O
li/i/o/text()	com:LI/com:I/com:O/text()
li/i/sup	com:LI/com:I/com:Sup
li/i/sup/text()	com:LI/com:I/com:Sup/text()
li/i/sub	com:LI/com:I/com:Sub
li/i/sub/text()	com:LI/com:I/com:Sub/text()
li/u	com:LI/com:U
li/u/text()	com:LI/com:U/text()
li/u/b	com:LI/com:U/com:B
li/u/b/text()	com:LI/com:U/com:B/text()
li/u/i	com:LI/com:U/com:I
li/u/i/text()	com:LI/com:U/com:I/text()
li/u/sup	com:LI/com:U/com:Sup
li/u/sup/text()	com:LI/com:U/com:Sup/text()
li/u/sub	com:LI/com:U/com:Sub
li/u/sub/text()	com:LI/com:U/com:Sub/text()
li/o	com:LI/com:O
li/o/text()	com:LI/com:O/text()
li/o/b	com:LI/com:O/com:B
li/o/b/text()	com:LI/com:O/com:B/text()
li/o/i	com:LI/com:O/com:I
li/o/i/text()	com:LI/com:O/com:I/text()
li/o/sup	com:LI/com:O/com:Sup
li/o/sup/text()	com:LI/com:O/com:Sup/text()
li/o/sub	com:LI/com:O/com:Sub
li/o/sub/text()	com:LI/com:O/com:Sub/text()
li/sup	com:LI/com:Sup
li/sup/text()	com:LI/com:Sup/text()
li/sup/b	com:LI/com:Sup/com:B
li/sup/b/text()	com:LI/com:Sup/com:B/text()
li/sup/u	com:LI/com:Sup/com:U
li/sup/u/text()	com:LI/com:Sup/com:U/text()
li/sup/i	com:LI/com:Sup/com:I
li/sup/i/text()	com:LI/com:Sup/com:I/text()
li/sup/o	com:LI/com:Sup/com:O
li/sup/o/text()	com:LI/com:Sup/com:O/text()
li/sup/sup2	com:LI/com:Sup/com:Sup2
li/sup/sup2/text()	com:LI/com:Sup/com:Sup2/text()
li/sup/sup2/b	com:LI/com:Sup/com:Sup2/com:B
li/sup/sup2/b/text()	com:LI/com:Sup/com:Sup2/com:B/text()
li/sup/sup2/u	com:LI/com:Sup/com:Sup2/com:U
li/sup/sup2/u/text()	com:LI/com:Sup/com:Sup2/com:U/text()
li/sup/sup2/i	com:LI/com:Sup/com:Sup2/com:I
li/sup/sup2/i/text()	com:LI/com:Sup/com:Sup2/com:I/text()
li/sup/sup2/o	com:LI/com:Sup/com:Sup2/com:O
li/sup/sup2/o/text()	com:LI/com:Sup/com:Sup2/com:O/text()
li/sup/sub2	com:LI/com:Sup/com:Sub2
li/sup/sub2/text()	com:LI/com:Sup/com:Sub2/text()
li/sup/sub2/b	com:LI/com:Sup/com:Sub2/com:B
li/sup/sub2/b/text()	com:LI/com:Sup/com:Sub2/com:B/text()
li/sup/sub2/u	com:LI/com:Sup/com:Sub2/com:U
li/sup/sub2/u/text()	com:LI/com:Sup/com:Sub2/com:U/text()
li/sup/sub2/i	com:LI/com:Sup/com:Sub2/com:I
li/sup/sub2/i/text()	com:LI/com:Sup/com:Sub2/com:I/text()
li/sup/sub2/o	com:LI/com:Sup/com:Sub2/com:O
li/sup/sub2/o/text()	com:LI/com:Sup/com:Sub2/com:O/text()
li/sub	com:LI/com:Sub
li/sub/text()	com:LI/com:Sub/text()
li/sub/b	com:LI/com:Sub/com:B
li/sub/b/text()	com:LI/com:Sub/com:B/text()
li/sub/u	com:LI/com:Sub/com:U
li/sub/u/text()	com:LI/com:Sub/com:U/text()
li/sub/i	com:LI/com:Sub/com:I
li/sub/i/text()	com:LI/com:Sub/com:I/text()
li/sub/o	com:LI/com:Sub/com:O
li/sub/o/text()	com:LI/com:Sub/com:O/text()
li/sub/sup2	com:LI/com:Sub/com:Sup2
li/sub/sup2/text()	com:LI/com:Sub/com:Sup2/text()
li/sub/sup2/b	com:LI/com:Sub/com:Sup2/com:B
li/sub/sup2/b/text()	com:LI/com:Sub/com:Sup2/com:B/text()
li/sub/sup2/u	com:LI/com:Sub/com:Sup2/com:U
li/sub/sup2/u/text()	com:LI/com:Sub/com:Sup2/com:U/text()
li/sub/sup2/i	com:LI/com:Sub/com:Sup2/com:I
li/sub/sup2/i/text()	com:LI/com:Sub/com:Sup2/com:I/text()
li/sub/sup2/o	com:LI/com:Sub/com:Sup2/com:O
li/sub/sup2/o/text()	com:LI/com:Sub/com:Sup2/com:O/text()
li/sub/sub2	com:LI/com:Sub/com:Sub2
li/sub/sub2/text()	com:LI/com:Sub/com:Sub2/text()
li/sub/sub2/b	com:LI/com:Sub/com:Sub2/com:B
li/sub/sub2/b/text()	com:LI/com:Sub/com:Sub2/com:B/text()
li/sub/sub2/u	com:LI/com:Sub/com:Sub2/com:U
li/sub/sub2/u/text()	com:LI/com:Sub/com:Sub2/com:U/text()
li/sub/sub2/i	com:LI/com:Sub/com:Sub2/com:I
li/sub/sub2/i/text()	com:LI/com:Sub/com:Sub2/com:I/text()
li/sub/sub2/o	com:LI/com:Sub/com:Sub2/com:O
li/sub/sub2/o/text()	com:LI/com:Sub/com:Sub2/com:O/text()
li/smallcaps	com:LI/com:SmallCapital
li/smallcaps/text()	com:LI/com:SmallCapital/text()
li/smallcaps/b	com:LI/com:SmallCapital/com:B
li/smallcaps/b/text()	com:LI/com:SmallCapital/com:B/text()
li/smallcaps/u	com:LI/com:SmallCapital/com:U
li/smallcaps/u/text()	com:LI/com:SmallCapital/com:U/text()
li/smallcaps/i	com:LI/com:SmallCapital/com:I
li/smallcaps/i/text()	com:LI/com:SmallCapital/com:I/text()
li/smallcaps/o	com:LI/com:SmallCapital/com:O
li/smallcaps/o/text()	com:LI/com:SmallCapital/com:O/text()
li/br	com:LI/com:Br
li/pre	com:LI/com:Pre
li/pre/@id	com:LI/com:Pre
li/pre/@xml:space	com:LI/com:Pre
li/pre/@listing-type	com:LI/com:Pre
li/pre/text()	com:LI/com:Pre
li/patcit	com:LI/com:PatentCitation
li/nplcit	com:LI/com:NPLCitation
li/bio-deposit	com:LI/com:BioDeposit
li/crossref	com:LI/com:CrossReference
li/crossref/@idref	com:LI/com:CrossReference
li/crossref/text()	com:LI/com:CrossReference
li/crossref/b	com:LI/com:CrossReference
li/crossref/b/text()	com:LI/com:CrossReference
li/crossref/i	com:LI/com:CrossReference
li/crossref/i/text()	com:LI/com:CrossReference
li/crossref/u	com:LI/com:CrossReference
li/crossref/u/text()	com:LI/com:CrossReference
li/crossref/o	com:LI/com:CrossReference
li/crossref/o/text()	com:LI/com:CrossReference
li/crossref/sup	com:LI/com:CrossReference
li/crossref/sup/text()	com:LI/com:CrossReference
li/crossref/sub	com:LI/com:CrossReference
li/crossref/sub/text()	com:LI/com:CrossReference
li/crossref/smallcaps	com:LI/com:CrossReference
li/crossref/smallcaps/text()	com:LI/com:CrossReference
li/figref	com:LI/com:FigureReference
li/figref/@idref	com:LI/com:FigureReference
li/figref/@num	com:LI/com:FigureReference
li/figref/text()	com:LI/com:FigureReference
li/figref/b	com:LI/com:FigureReference
li/figref/b/text()	com:LI/com:FigureReference
li/figref/i	com:LI/com:FigureReference
li/figref/i/text()	com:LI/com:FigureReference
li/figref/u	com:LI/com:FigureReference
li/figref/u/text()	com:LI/com:FigureReference
li/figref/o	com:LI/com:FigureReference
li/figref/o/text()	com:LI/com:FigureReference
li/figref/sup	com:LI/com:FigureReference
li/figref/sup/text()	com:LI/com:FigureReference
li/figref/sub	com:LI/com:FigureReference
li/figref/sub/text()	com:LI/com:FigureReference
li/figref/smallcaps	com:LI/com:FigureReference
li/figref/smallcaps/text()	com:LI/com:FigureReference
li/img	com:LI/com:Image
li/dl	com:LI/com:DL
li/ul	com:LI/com:UL
li/ol	com:LI/com:OL
li/chemistry	com:LI/com:ChemicalFormulae
li/maths	com:LI/com:Math
o	com:O
o/@style	com:O/@com:oStyle
o/text()	com:O/text()
o/b	com:O/com:B
o/i	com:O/com:I
o/smallcaps	com:O/com:SmallCapital
o/sup	com:O/com:Sup
o/sub	com:O/com:Sub
smallcaps	com:SmallCapital
smallcaps/text()	com:SmallCapital/text()
smallcaps/b	com:SmallCapital/com:B
smallcaps/u	com:SmallCapital/com:U
smallcaps/i	com:SmallCapital/com:I
smallcaps/o	com:SmallCapital/com:O
sub2	com:Sub2
sub2/text()	com:Sub2/text()
sub2/b	com:Sub2/com:B
sub2/u	com:Sub2/com:U
sub2/i	com:Sub2/com:I
sub2/o	com:Sub2/com:O
sub	com:Sub
sub/text()	com:Sub/text()
sub/b	com:Sub/com:B
sub/u	com:Sub/com:U
sub/i	com:Sub/com:I
sub/o	com:Sub/com:O
sub/sup2	com:Sub/com:Sup2
sub/sub2	com:Sub/com:Sub2
sup2	com:Sup2
sup2/text()	com:Sup2/text()
sup2/b	com:Sup2/com:B
sup2/u	com:Sup2/com:U
sup2/i	com:Sup2/com:I
sup2/o	com:Sup2/com:O
sup	com:Sup
sup/text()	com:Sup/text()
sup/b	com:Sup/com:B
sup/u	com:Sup/com:U
sup/i	com:Sup/com:I
sup/o	com:Sup/com:O
sup/sup2	com:Sup/com:Sup2
sup/sub2	com:Sup/com:Sub2
u	com:U
u/text()	com:U/text()
u/b	com:U/com:B
u/i	com:U/com:I
u/smallcaps	com:U/com:SmallCapital
u/sup	com:U/com:Sup
u/sub	com:U/com:Sub
pre	com:Pre
pre/@id	com:Pre/@com:id
pre/@listing-type	com:Pre/@com:listingCategory
dl	com:DL
dl/@id	com:DL/@com:id
dl/dt	com:DL/com:DT
dl/dd	com:DL/com:DD
dd	com:DD
dd/text()	com:DD/text()
dd/b	com:DD/com:B
dd/i	com:DD/com:I
dd/u	com:DD/com:U
dd/o	com:DD/com:O
dd/sup	com:DD/com:Sup
dd/sub	com:DD/com:Sub
dd/smallcaps	com:DD/com:SmallCapital
dd/br	com:DD/com:Br
dd/pre	com:DD/com:Pre
dd/patcit	com:DD/com:PatentCitation
dd/nplcit	com:DD/com:NPLCitation
dd/crossref	com:DD/com:CrossReference
patcit	com:PatentCitation
patcit/@id	com:PatentCitation/@com:id
patcit/@num	com:PatentCitation/@com:sequenceNumber
patcit/text	com:PatentCitation/com:PatentCitationText
patcit/document-id	com:PatentCitation/com:CitedPatentDocumentIdentification
patcit/document-id/country	com:PatentCitation/com:CitedPatentDocumentIdentification/com:IPOfficeCode
patcit/document-id/doc-number	com:PatentCitation/com:CitedPatentDocumentIdentification/com:DocumentNumber
patcit/document-id/kind	com:PatentCitation/com:CitedPatentDocumentIdentification/com:PatentDocumentKindCode
patcit/document-id/date	com:PatentCitation/com:CitedPatentDocumentIdentification/com:PatentDocumentDate
nplcit	com:NPLCitation
nplcit/@id	com:NPLCitation/@com:id
nplcit/@num	com:NPLCitation/@com:sequenceNumber
nplcit/@lang	com:NPLCitation/@com:languageCode
nplcit/@file	com:NPLCitation/com:FileName
nplcit/@url	com:NPLCitation/com:WebURI
nplcit/text	com:NPLCitation/com:NPLCitationText
nplcit/article	com:NPLCitation/com:CitedJournalArticle
nplcit/article/author	com:NPLCitation/com:CitedJournalArticle/com:AuthorName
nplcit/article/atl	com:NPLCitation/com:CitedJournalArticle/com:SerialALTTitleText
nplcit/article/subname	com:NPLCitation/com:CitedJournalArticle/com:Subordinate
nplcit/article/subname/@subname-type	com:NPLCitation/com:CitedJournalArticle/com:Subordinate/@com:subordinateCategory
nplcit/article/subname/name	com:NPLCitation/com:CitedJournalArticle/com:Subordinate/com:Name
nplcit/article/class	com:NPLCitation/com:CitedJournalArticle/com:NPLClass
nplcit/article/class/@class-type	com:NPLCitation/com:CitedJournalArticle/com:NPLClass/@com:classificationSystem
nplcit/article/cpyrt	com:NPLCitation/com:CitedJournalArticle/com:NPLCopyrightText
nplcit/book	com:NPLCitation/com:CitedBook
nplcit/othercit	com:NPLCitation/com:CitedOtherKindNPL
bio-deposit	com:BioDeposit
bio-deposit/@id	com:BioDeposit/@com:id
bio-deposit/@num	com:BioDeposit/@com:sequenceNumber
bio-deposit/@url	com:BioDeposit/@com:sourceURI
bio-deposit/depositary	com:BioDeposit/com:BioDepositDepositary
bio-deposit/bio-accno	com:BioDeposit/com:BiologicalAccessionNumber
bio-deposit/date	com:BioDeposit/com:BioDepositDate
bio-deposit/term	com:BioDeposit/com:BioDepositTermText
bio-deposit/dtext	com:BioDeposit/com:BioDepositText
crossref	com:CrossReference
crossref/@idref	com:CrossReference/@com:idrefs
crossref/text()	com:CrossReference/text()
crossref/b	com:CrossReference/com:B
crossref/i	com:CrossReference/com:I
crossref/u	com:CrossReference/com:U
crossref/o	com:CrossReference/com:O
crossref/sup	com:CrossReference/com:Sup
crossref/sub	com:CrossReference/com:Sub
crossref/smallcaps	com:CrossReference/com:SmallCapital
ul	com:UL
ul/@id	com:UL/@com:id
ul/@list-style	com:UL/@com:ulStyle
ul/li	com:UL/com:LI
ol	com:OL
ol/@id	com:OL/@com:id
ol/@ol-style	com:OL/@com:olStyle
ol/li	com:OL/com:LI
doc-page	pat:DocumentURI
doc-page/@id	pat:DocumentURI/@com:id
doc-page/@he	pat:PageImage/com:HeightMeasure
doc-page/@wi	pat:PageImage/com:WidthMeasure
doc-page/@type	pat:DocumentURI/@pat:pageDocumentFormatCategory
doc-page/@alt	pat:PageImage/com:Alt
doc-page/@ppf	pat:DocumentURI/@pat:firstPageNumber
doc-page/@ppl	pat:DocumentURI/@pat:lastPageNumber
doc-page/@file	pat:DocumentURI/@com:documentFileName
doc-page/@ocr	pat:DocumentURI/@pat:ocrIndicator
doc-page/@color	pat:PageImage/com:ColourModeCategory
doc-page/@orientation	pat:PageImage/@com:orientationCategory
invention-title	pat:InventionTitle
invention-title/@id	pat:InventionTitle/@com:id
invention-title/@lang	pat:InventionTitle/@com:languageCode
invention-title/text()	pat:InventionTitle/text()
invention-title/b	pat:InventionTitle/com:B
invention-title/i	pat:InventionTitle/com:I
invention-title/u	pat:InventionTitle/com:U
invention-title/o	pat:InventionTitle/com:O
invention-title/sup	pat:InventionTitle/com:Sup
invention-title/sub	pat:InventionTitle/com:Sub
claims	pat:Claims
claims/@id	pat:Claims/@com:id
claims/@lang	pat:Claims/@com:languageCode
claims/doc-page	pat:Claims/pat:DocumentURI
claims/claim	pat:Claims/pat:Claim
claims/claim/@id	pat:Claims/pat:Claim/@com:id
claims/claim/@num	pat:Claims/pat:Claim/pat:ClaimNumber
claims/claim/claim-text	pat:Claims/pat:Claim/pat:ClaimText
claim-text	pat:ClaimText
claim-text/text()	pat:ClaimText/text()
claim-text/claim-text	pat:ClaimText/pat:ClaimText
claim-text/claim-ref	pat:ClaimText/pat:ClaimReference
claim-text/claim-ref/@idref	pat:ClaimText/pat:ClaimReference/@com:idrefs
claim-text/claim-ref/text()	pat:ClaimText/pat:ClaimReference/text()
claim-text/b	pat:ClaimText/com:B
claim-text/i	pat:ClaimText/com:I
claim-text/u	pat:ClaimText/com:U
claim-text/o	pat:ClaimText/com:O
claim-text/sup	pat:ClaimText/com:Sup
claim-text/sub	pat:ClaimText/com:Sub
claim-text/smallcaps	pat:ClaimText/com:SmallCapital
claim-text/br	pat:ClaimText/com:Br
claim-text/pre	pat:ClaimText/com:Pre
claim-text/crossref	pat:ClaimText/com:CrossReference
claim-text/figref	pat:ClaimText/com:FigureReference
claim-text/img	pat:ClaimText/com:Image
claim-text/chemistry	pat:ClaimText/com:ChemicalFormulae
claim-text/maths	pat:ClaimText/com:Math
claim-text/tables	pat:ClaimText/com:Table
figref	com:FigureReference
figref/@idref	com:FigureReference/@com:idrefs
figref/@num	com:FigureReference/@com:referencedFigureNumber
figref/text()	com:FigureReference/text()
figref/b	com:FigureReference/com:B
figref/i	com:FigureReference/com:I
figref/u	com:FigureReference/com:U
figref/o	com:FigureReference/com:O
figref/sup	com:FigureReference/com:Sup
figref/sub	com:FigureReference/com:Sub
figref/smallcaps	com:FigureReference/com:SmallCapital
chemistry	com:ChemicalFormulae
chemistry/@id	com:ChemicalFormulae/@com:id
chemistry/@num	com:ChemicalFormulae/@com:chemicalFormulaeNumber
chemistry/img	com:ChemicalFormulae/com:Image
chemistry/chem	com:ChemicalFormulae/com:InlineFormula
title	com:TableTitle
title/text()	com:TableTitle/text()
title/b	com:TableTitle/com:B
title/i	com:TableTitle/com:I
title/u	com:TableTitle/com:U
title/sup	com:TableTitle/com:Sup
title/sub	com:TableTitle/com:Sub
title/smallcaps	com:TableTitle/com:SmallCapital
figure	pat:Figure
figure/@id	pat:Figure/@com:id
figure/@num	pat:Figure/pat:FigureNumber
figure/img	pat:Figure/com:Image
dt	com:DT
dt/@id	com:DT/@com:id
dt/text()	com:DT/text()
dt/b	com:DT/com:B
dt/i	com:DT/com:I
dt/u	com:DT/com:U
dt/o	com:DT/com:O
dt/sup	com:DT/com:Sub
dt/sub	com:DT/com:Sup
dt/smallcaps	com:DT/com:SmallCapital
depositary/address/address-1	com:BioDepositDepositary/com:PostalAddressBag/com:PostalAddress/com:PostalStructuredAddress/com:AddressLineText
depositary/address/address-1/text()	com:BioDepositDepositary/com:PostalAddressBag/com:PostalAddress/com:PostalStructuredAddress/com:AddressLineText
depositary/address/address-2	com:BioDepositDepositary/com:PostalAddressBag/com:PostalAddress/com:PostalStructuredAddress/com:AddressLineText (2)
depositary/address/address-2/text()	com:BioDepositDepositary/com:PostalAddressBag/com:PostalAddress/com:PostalStructuredAddress/com:AddressLineText (2)
depositary/address/address-3	com:BioDepositDepositary/com:PostalAddressBag/com:PostalAddress/com:PostalStructuredAddress/com:AddressLineText (3)
depositary/address/address-3/text()	com:BioDepositDepositary/com:PostalAddressBag/com:PostalAddress/com:PostalStructuredAddress/com:AddressLineText (3)
depositary/address/address-4	com:BioDepositDepositary/com:PostalAddressBag/com:PostalAddress/com:PostalStructuredAddress/com:AddressLineText (4)
depositary/address/address-4/text()	com:BioDepositDepositary/com:PostalAddressBag/com:PostalAddress/com:PostalStructuredAddress/com:AddressLineText (4)
depositary/address/address-5	com:BioDepositDepositary/com:PostalAddressBag/com:PostalAddress/com:PostalStructuredAddress/com:AddressLineText (5)
depositary/address/address-5/text()	com:BioDepositDepositary/com:PostalAddressBag/com:PostalAddress/com:PostalStructuredAddress/com:AddressLineText (5)
depositary/address/mailcode	com:BioDepositDepositary/com:PostalAddressBag/com:PostalAddress/com:PostalStructuredAddress/com:PostalCode (2)
depositary/address/pobox	com:BioDepositDepositary/com:PostalAddressBag/com:PostalAddress/com:PostalStructuredAddress/com:AddressLineText (7)
depositary/address/pobox/text()	com:BioDepositDepositary/com:PostalAddressBag/com:PostalAddress/com:PostalStructuredAddress/com:AddressLineText (7)
depositary/address/room	com:BioDepositDepositary/com:PostalAddressBag/com:PostalAddress/com:PostalStructuredAddress/com:AddressLineText (9)
depositary/address/room/text()	com:BioDepositDepositary/com:PostalAddressBag/com:PostalAddress/com:PostalStructuredAddress/com:AddressLineText (9)
depositary/address/address-floor	com:BioDepositDepositary/com:PostalAddressBag/com:PostalAddress/com:PostalStructuredAddress/com:AddressLineText (6)
depositary/address/address-floor/text()	com:BioDepositDepositary/com:PostalAddressBag/com:PostalAddress/com:PostalStructuredAddress/com:AddressLineText (6)
depositary/address/building	com:BioDepositDepositary/com:PostalAddressBag/com:PostalAddress/com:PostalStructuredAddress/com:AddressLineText (8)
depositary/address/building/text()	com:BioDepositDepositary/com:PostalAddressBag/com:PostalAddress/com:PostalStructuredAddress/com:AddressLineText (8)
depositary/address/street	com:BioDepositDepositary/com:PostalAddressBag/com:PostalAddress/com:PostalStructuredAddress/com:AddressLineText (10)
depositary/address/street/text()	com:BioDepositDepositary/com:PostalAddressBag/com:PostalAddress/com:PostalStructuredAddress/com:AddressLineText (10)
depositary/address/city	com:BioDepositDepositary/com:PostalAddressBag/com:PostalAddress/com:PostalStructuredAddress/com:CityName
depositary/address/county	com:BioDepositDepositary/com:PostalAddressBag/com:PostalAddress/com:PostalStructuredAddress/com:GeographicRegionName
depositary/address/county/text()	com:BioDepositDepositary/com:PostalAddressBag/com:PostalAddress/com:PostalStructuredAddress/com:GeographicRegionName
depositary/address/state	com:BioDepositDepositary/com:PostalAddressBag/com:PostalAddress/com:PostalStructuredAddress/com:GeographicRegionName (2)
depositary/address/state/text()	com:BioDepositDepositary/com:PostalAddressBag/com:PostalAddress/com:PostalStructuredAddress/com:GeographicRegionName (2)
depositary/address/postcode	com:BioDepositDepositary/com:PostalAddressBag/com:PostalAddress/com:PostalStructuredAddress/com:PostalCode
depositary/address/country	com:BioDepositDepositary/com:PostalAddressBag/com:PostalAddress/com:PostalStructuredAddress/com:CountryCode
depositary/address/text	com:BioDepositDepositary/com:ContactText
depositary/address/text/text()	com:BioDepositDepositary/com:ContactText/text()
img	com:Image
img/@id	com:Image/@com:id
img/@he	com:Image/com:HeightMeasure
img/@wi	com:Image/com:WidthMeasure
img/@file	com:Image/com:FileName
img/@alt	com:Image/com:Alt
img/@img-content	com:Image/@com:imageContentCategory
img/@img-format	com:Image/com:ImageFormatCategory
img/@orientation	com:Image/@com:orientationCategory
img/@inline	com:Image/@com:imageWrappingStyleCategory
tables	com:Table
tables/@id	com:Table/com:IPOASISTable/@com:id
tables/@num	com:Table/com:TableImage/@com:tableNumber
tables/img	com:Table/com:TableImage/com:ColourModeCategory
tables/table	com:Table/com:IPOASISTable
tables/table/@frame	com:Table/com:IPOASISTable/@tbl:frame
tables/table/@colsep	com:Table/com:IPOASISTable/@tbl:colsep
tables/table/@rowsep	com:Table/com:IPOASISTable/@tbl:rowsep
tables/table/@pgwide	com:Table/com:IPOASISTable/@com:pageWide
tables/table/title	com:Table/com:IPOASISTable/com:TableTitle
tables/table/tgroup	com:Table/com:IPOASISTable/com:TableGroup
tables/table/tgroup/@cols	com:Table/com:IPOASISTable/com:TableGroup/@tbl:cols
tables/table/tgroup/@colsep	com:Table/com:IPOASISTable/com:TableGroup/@tbl:colsep
tables/table/tgroup/@rowsep	com:Table/com:IPOASISTable/com:TableGroup/@tbl:rowsep
tables/table/tgroup/@align	com:Table/com:IPOASISTable/com:TableGroup/@tbl:align
tables/table/tgroup/colspec	com:Table/com:IPOASISTable/com:TableGroup/tbl:colspec
tables/table/tgroup/colspec/@colnum	com:Table/com:IPOASISTable/com:TableGroup/tbl:colspec/@tbl:colnum
tables/table/tgroup/colspec/@colname	com:Table/com:IPOASISTable/com:TableGroup/tbl:colspec/@tbl:colname
tables/table/tgroup/colspec/@colwidth	com:Table/com:IPOASISTable/com:TableGroup/tbl:colspec/@tbl:colwidth
tables/table/tgroup/colspec/@colsep	com:Table/com:IPOASISTable/com:TableGroup/tbl:colspec/@tbl:colsep
tables/table/tgroup/colspec/@rowsep	com:Table/com:IPOASISTable/com:TableGroup/tbl:colspec/@tbl:rowsep
tables/table/tgroup/colspec/@align	com:Table/com:IPOASISTable/com:TableGroup/tbl:colspec/@tbl:align
tables/table/tgroup/colspec/@char	com:Table/com:IPOASISTable/com:TableGroup/tbl:colspec/@tbl:char
tables/table/tgroup/colspec/@charoff	com:Table/com:IPOASISTable/com:TableGroup/tbl:colspec/@tbl:charoff
tables/table/tgroup/thead	com:Table/com:IPOASISTable/com:TableGroup/tbl:thead
tables/table/tgroup/thead/@valign	com:Table/com:IPOASISTable/com:TableGroup/tbl:thead/@tbl:valign
tables/table/tgroup/thead/row	com:Table/com:IPOASISTable/com:TableGroup/tbl:thead/tbl:row
tables/table/tgroup/thead/row/@rowsep	com:Table/com:IPOASISTable/com:TableGroup/tbl:thead/tbl:row/@tbl:rowsep
tables/table/tgroup/thead/row/@valign	com:Table/com:IPOASISTable/com:TableGroup/tbl:thead/tbl:row/@tbl:valign
tables/table/tgroup/tbody	com:Table/com:IPOASISTable/com:TableGroup/com:TableBody
tables/table/tgroup/tbody/@valign	com:Table/com:IPOASISTable/com:TableGroup/com:TableBody/@tbl:valign
tables/table/tgroup/tbody/row	com:Table/com:IPOASISTable/com:TableGroup/com:TableBody/com:Row
tables/table/tgroup/tbody/row/@rowsep	com:Table/com:IPOASISTable/com:TableGroup/com:TableBody/com:Row/@tbl:rowsep
tables/table/tgroup/tbody/row/@valign	com:Table/com:IPOASISTable/com:TableGroup/com:TableBody/com:Row/@tbl:valign
tables/table/tgroup/tbody/row/entry	com:Table/com:IPOASISTable/com:TableGroup/com:TableBody/com:Row/com:Entry
tables/table/tgroup/tbody/row/entry/@colname	com:Table/com:IPOASISTable/com:TableGroup/com:TableBody/com:Row/com:Entry/@tbl:colname
tables/table/tgroup/tbody/row/entry/@namest	com:Table/com:IPOASISTable/com:TableGroup/com:TableBody/com:Row/com:Entry/@tbl:namest
tables/table/tgroup/tbody/row/entry/@nameend	com:Table/com:IPOASISTable/com:TableGroup/com:TableBody/com:Row/com:Entry/@tbl:nameend
tables/table/tgroup/tbody/row/entry/@morerows	com:Table/com:IPOASISTable/com:TableGroup/com:TableBody/com:Row/com:Entry/@tbl:morerows
tables/table/tgroup/tbody/row/entry/@colsep	com:Table/com:IPOASISTable/com:TableGroup/com:TableBody/com:Row/com:Entry/@tbl:colsep
tables/table/tgroup/tbody/row/entry/@rowsep	com:Table/com:IPOASISTable/com:TableGroup/com:TableBody/com:Row/com:Entry/@tbl:rowsep
tables/table/tgroup/tbody/row/entry/@align	com:Table/com:IPOASISTable/com:TableGroup/com:TableBody/com:Row/com:Entry/@tbl:align
tables/table/tgroup/tbody/row/entry/@char	com:Table/com:IPOASISTable/com:TableGroup/com:TableBody/com:Row/com:Entry/@tbl:char
tables/table/tgroup/tbody/row/entry/@charoff	com:Table/com:IPOASISTable/com:TableGroup/com:TableBody/com:Row/com:Entry/@tbl:charoff
tables/table/tgroup/tbody/row/entry/@valign	com:Table/com:IPOASISTable/com:TableGroup/com:TableBody/com:Row/com:Entry/@tbl:valign
tables/table/tgroup/tbody/row/entry/text()	com:Table/com:IPOASISTable/com:TableGroup/com:TableBody/com:Row/com:Entry/text()
tables/table/tgroup/tbody/row/entry/b	com:Table/com:IPOASISTable/com:TableGroup/com:TableBody/com:Row/com:Entry/com:B
tables/table/tgroup/tbody/row/entry/i	com:Table/com:IPOASISTable/com:TableGroup/com:TableBody/com:Row/com:Entry/com:I
tables/table/tgroup/tbody/row/entry/u	com:Table/com:IPOASISTable/com:TableGroup/com:TableBody/com:Row/com:Entry/com:U
tables/table/tgroup/tbody/row/entry/sup	com:Table/com:IPOASISTable/com:TableGroup/com:TableBody/com:Row/com:Entry/com:Sup
tables/table/tgroup/tbody/row/entry/sub	com:Table/com:IPOASISTable/com:TableGroup/com:TableBody/com:Row/com:Entry/com:Sub
tables/table/tgroup/tbody/row/entry/smallcaps	com:Table/com:IPOASISTable/com:TableGroup/com:TableBody/com:Row/com:Entry/com:SmallCapital
tables/table/tgroup/tbody/row/entry/br	com:Table/com:IPOASISTable/com:TableGroup/com:TableBody/com:Row/com:Entry/com:Br
tables/table/tgroup/tbody/row/entry/patcit	com:Table/com:IPOASISTable/com:TableGroup/com:TableBody/com:Row/com:Entry/com:PatentCitation
tables/table/tgroup/tbody/row/entry/nplcit	com:Table/com:IPOASISTable/com:TableGroup/com:TableBody/com:Row/com:Entry/com:NPLCitation
tables/table/tgroup/tbody/row/entry/bio-deposit	com:Table/com:IPOASISTable/com:TableGroup/com:TableBody/com:Row/com:Entry/com:BioDeposit
tables/table/tgroup/tbody/row/entry/crossref	com:Table/com:IPOASISTable/com:TableGroup/com:TableBody/com:Row/com:Entry/com:CrossReference
tables/table/tgroup/tbody/row/entry/img	com:Table/com:IPOASISTable/com:TableGroup/com:TableBody/com:Row/com:Entry/com:Image
tables/table/tgroup/tbody/row/entry/dl	com:Table/com:IPOASISTable/com:TableGroup/com:TableBody/com:Row/com:Entry/com:DL
tables/table/tgroup/tbody/row/entry/ul	com:Table/com:IPOASISTable/com:TableGroup/com:TableBody/com:Row/com:Entry/com:UL
tables/table/tgroup/tbody/row/entry/ol	com:Table/com:IPOASISTable/com:TableGroup/com:TableBody/com:Row/com:Entry/com:OL
tables/table/tgroup/tbody/row/entry/chemistry	com:Table/com:IPOASISTable/com:TableGroup/com:TableBody/com:Row/com:Entry/com:ChemicalFormulae
tables/table/tgroup/tbody/row/entry/maths	com:Table/com:IPOASISTable/com:TableGroup/com:TableBody/com:Row/com:Entry/com:Math
p	com:P
p/@id	com:P/@com:id
p/@num	com:P/@com:pNumber
p/text()	com:P/text()
p/b	com:P/com:B
p/b/text()	com:P/com:B/text()
p/b/i	com:P/com:B/com:I
p/b/i/text()	com:P/com:B/com:I/text()
p/b/u	com:P/com:B/com:U
p/b/u/text()	com:P/com:B/com:U/text()
p/b/o	com:P/com:B/com:O
p/b/o/text()	com:P/com:B/com:O/text()
p/b/sup	com:P/com:B/com:Sup
p/b/sup/text()	com:P/com:B/com:Sup/text()
p/b/sub	com:P/com:B/com:Sub
p/b/sub/text()	com:P/com:B/com:Sub/text()
p/i	com:P/com:I
p/i/text()	com:P/com:I/text()
p/i/b	com:P/com:I/com:B
p/i/b/text()	com:P/com:I/com:B/text()
p/i/u	com:P/com:I/com:U
p/i/u/text()	com:P/com:I/com:U/text()
p/i/o	com:P/com:I/com:O
p/i/o/text()	com:P/com:I/com:O/text()
p/i/sup	com:P/com:I/com:Sup
p/i/sup/text()	com:P/com:I/com:Sup/text()
p/i/sub	com:P/com:I/com:Sub
p/i/sub/text()	com:P/com:I/com:Sub/text()
p/u	com:P/com:U
p/u/text()	com:P/com:U/text()
p/u/b	com:P/com:U/com:B
p/u/b/text()	com:P/com:U/com:B/text()
p/u/i	com:P/com:U/com:I
p/u/i/text()	com:P/com:U/com:I/text()
p/u/sup	com:P/com:U/com:Sup
p/u/sup/text()	com:P/com:U/com:Sup/text()
p/u/sub	com:P/com:U/com:Sub
p/u/sub/text()	com:P/com:U/com:Sub/text()
p/o	com:P/com:O
p/o/text()	com:P/com:O/text()
p/o/b	com:P/com:O/com:B
p/o/b/text()	com:P/com:O/com:B/text()
p/o/i	com:P/com:O/com:I
p/o/i/text()	com:P/com:O/com:I/text()
p/o/sup	com:P/com:O/com:Sup
p/o/sup/text()	com:P/com:O/com:Sup/text()
p/o/sub	com:P/com:O/com:Sub
p/o/sub/text()	com:P/com:O/com:Sub/text()
p/sup	com:P/com:Sup
p/sup/text()	com:P/com:Sup/text()
p/sup/b	com:P/com:Sup/com:B
p/sup/b/text()	com:P/com:Sup/com:B/text()
p/sup/u	com:P/com:Sup/com:U
p/sup/u/text()	com:P/com:Sup/com:U/text()
p/sup/i	com:P/com:Sup/com:I
p/sup/i/text()	com:P/com:Sup/com:I/text()
p/sup/o	com:P/com:Sup/com:O
p/sup/o/text()	com:P/com:Sup/com:O/text()
p/sup/sup2	com:P/com:Sup/com:Sup2
p/sup/sup2/text()	com:P/com:Sup/com:Sup2/text()
p/sup/sup2/b	com:P/com:Sup/com:Sup2/com:B
p/sup/sup2/b/text()	com:P/com:Sup/com:Sup2/com:B/text()
p/sup/sup2/u	com:P/com:Sup/com:Sup2/com:U
p/sup/sup2/u/text()	com:P/com:Sup/com:Sup2/com:U/text()
p/sup/sup2/i	com:P/com:Sup/com:Sup2/com:I
p/sup/sup2/i/text()	com:P/com:Sup/com:Sup2/com:I/text()
p/sup/sup2/o	com:P/com:Sup/com:Sup2/com:O
p/sup/sup2/o/text()	com:P/com:Sup/com:Sup2/com:O/text()
p/sup/sub2	com:P/com:Sup/com:Sub2
p/sup/sub2/text()	com:P/com:Sup/com:Sub2/text()
p/sup/sub2/b	com:P/com:Sup/com:Sub2/com:B
p/sup/sub2/b/text()	com:P/com:Sup/com:Sub2/com:B/text()
p/sup/sub2/u	com:P/com:Sup/com:Sub2/com:U
p/sup/sub2/u/text()	com:P/com:Sup/com:Sub2/com:U/text()
p/sup/sub2/i	com:P/com:Sup/com:Sub2/com:I
p/sup/sub2/i/text()	com:P/com:Sup/com:Sub2/com:I/text()
p/sup/sub2/o	com:P/com:Sup/com:Sub2/com:O
p/sup/sub2/o/text()	com:P/com:Sup/com:Sub2/com:O/text()
p/sub	com:P/com:Sub
p/sub/text()	com:P/com:Sub/text()
p/sub/b	com:P/com:Sub/com:B
p/sub/b/text()	com:P/com:Sub/com:B/text()
p/sub/u	com:P/com:Sub/com:U
p/sub/u/text()	com:P/com:Sub/com:U/text()
p/sub/i	com:P/com:Sub/com:I
p/sub/i/text()	com:P/com:Sub/com:I/text()
p/sub/o	com:P/com:Sub/com:O
p/sub/o/text()	com:P/com:Sub/com:O/text()
p/sub/sup2	com:P/com:Sub/com:Sup2
p/sub/sup2/text()	com:P/com:Sub/com:Sup2/text()
p/sub/sub2	com:P/com:Sub/com:Sub2
p/sub/sub2/text()	com:P/com:Sub/com:Sub2/text()
p/smallcaps	com:P/com:SmallCapital
p/smallcaps/text()	com:P/com:SmallCapital/text()
p/smallcaps/b	com:P/com:SmallCapital/com:B
p/smallcaps/b/text()	com:P/com:SmallCapital/com:B/text()
p/smallcaps/u	com:P/com:SmallCapital/com:U
p/smallcaps/u/text()	com:P/com:SmallCapital/com:U/text()
p/smallcaps/i	com:P/com:SmallCapital/com:I
p/smallcaps/i/text()	com:P/com:SmallCapital/com:I/text()
p/smallcaps/o	com:P/com:SmallCapital/com:O
p/smallcaps/o/text()	com:P/com:SmallCapital/com:O/text()
p/br	com:P/com:Br
p/pre	com:P/com:Pre
p/dl	com:P/com:DL
p/ul	com:P/com:UL
p/ol	com:P/com:OL
p/crossref	com:P/com:CrossReference
p/crossref/@idref	com:P/com:CrossReference
p/crossref/text()	com:P/com:CrossReference
p/crossref/b	com:P/com:CrossReference
p/crossref/b/text()	com:P/com:CrossReference
p/crossref/i	com:P/com:CrossReference
p/crossref/i/text()	com:P/com:CrossReference
p/crossref/u	com:P/com:CrossReference
p/crossref/u/text()	com:P/com:CrossReference
p/crossref/o	com:P/com:CrossReference
p/crossref/o/text()	com:P/com:CrossReference
p/crossref/sup	com:P/com:CrossReference
p/crossref/sup/text()	com:P/com:CrossReference
p/crossref/sub	com:P/com:CrossReference
p/crossref/sub/text()	com:P/com:CrossReference
p/crossref/smallcaps	com:P/com:CrossReference
p/crossref/smallcaps/text()	com:P/com:CrossReference
p/figref	com:P/com:FigureReference/com:SmallCapital/text()
p/figref/@idref	com:P/com:FigureReference/com:SmallCapital/text()
p/figref/@num	com:P/com:FigureReference/com:SmallCapital/text()
p/figref/text()	com:P/com:FigureReference/com:SmallCapital/text()
p/figref/b	com:P/com:FigureReference/com:SmallCapital/text()
p/figref/b/text()	com:P/com:FigureReference/com:SmallCapital/text()
p/figref/i	com:P/com:FigureReference/com:SmallCapital/text()
p/figref/i/text()	com:P/com:FigureReference/com:SmallCapital/text()
p/figref/u	com:P/com:FigureReference/com:SmallCapital/text()
p/figref/u/text()	com:P/com:FigureReference/com:SmallCapital/text()
p/figref/o	com:P/com:FigureReference/com:SmallCapital/text()
p/figref/o/text()	com:P/com:FigureReference/com:SmallCapital/text()
p/figref/sup	com:P/com:FigureReference/com:SmallCapital/text()
p/figref/sup/text()	com:P/com:FigureReference/com:SmallCapital/text()
p/figref/sub	com:P/com:FigureReference/com:SmallCapital/text()
p/figref/sub/text()	com:P/com:FigureReference/com:SmallCapital/text()
p/figref/smallcaps	com:P/com:FigureReference/com:SmallCapital/text()
p/figref/smallcaps/text()	com:P/com:FigureReference/com:SmallCapital/text()
p/patcit	com:P/com:PatentCitation
p/nplcit	com:P/com:NPLCitation
p/bio-deposit	com:P/com:BioDeposit
p/img	com:P/com:Image
p/chemistry	com:P/com:ChemicalFormulae
p/maths	com:P/com:Math
p/tables	com:P/com:Table
heading	com:Heading
heading/@level	com:Heading/@com:headingLevelCode
heading/@id	com:Heading/@com:id
heading/text()	com:Heading/text()
heading/b	com:Heading/com:B
heading/i	com:Heading/com:I
heading/u	com:Heading/com:U
heading/o	com:Heading/com:O
heading/sup	com:Heading/com:Sup
heading/sub	com:Heading/com:Sub
heading/smallcaps	com:Heading/com:SmallCapital
maths	com:Math
maths/@num	com:Math/@com:mathNumber
maths/img	com:Math/com:Image
address-1	com:AddressLineText
address-3	com:AddressLineText
address-4	com:AddressLineText
address-5	com:AddressLineText
address-floor	com:AddressLineText
building	com:AddressLineText
street	com:AddressLineText
state	com:GeographicRegionName
pobox	com:AddressLineText
room	com:AddressLineText
county	com:GeographicRegionName
address-2	com:AddressLineText
