bibliographic-data/@id	pat:BibliographicData/@com:id
bibliographic-data/@country	pat:BibliographicData/@com:officeCode
bibliographic-data/plain-language-designation	pat:BibliographicData/pat:PlainLanguageDesignationText
bibliographic-data/plain-language-designation/@lang	pat:BibliographicData/pat:PlainLanguageDesignationText/@com:languageCode
bibliographic-data/publication-reference	pat:BibliographicData/pat:PatentPublicationIdentification
bibliographic-data/classification-ipc	pat:BibliographicData/pat:PatentClassificationBag/pat:IPCClassification
bibliographic-data/classifications-ipcr	pat:BibliographicData/pat:PatentClassificationBag/pat:IPCRClassificationBag
bibliographic-data/classifications-ipcr/classification-ipcr	pat:BibliographicData/pat:PatentClassificationBag/pat:IPCRClassificationBag/pat:IPCRClassification
bibliographic-data/classification-national	pat:BibliographicData/pat:PatentClassificationBag/pat:NationalClassification
bibliographic-data/classification-locarno	pat:BibliographicData/pat:PatentClassificationBag/com:LocarnoClassificationBag
bibliographic-data/application-reference	pat:BibliographicData/pat:ApplicationIdentification
bibliographic-data/language-of-filing	pat:BibliographicData/com:FilingLanguageCode
bibliographic-data/language-of-publication	pat:BibliographicData/com:PublicationLanguageCode
bibliographic-data/priority-claims	pat:BibliographicData/pat:PriorityClaimBag
bibliographic-data/parties	pat:BibliographicData/pat:PartyBag
bibliographic-data/designation-of-states	pat:BibliographicData/pat:StateDesignation
bibliographic-data/invention-title	pat:BibliographicData/pat:InventionTitleBag/pat:InventionTitle/com:Del/text()
bibliographic-data/assignees	pat:BibliographicData/pat:PartyBag
bibliographic-data/licensee-data	pat:BibliographicData/pat:LicenceBag
bibliographic-data/date-of-earliest-priority	pat:BibliographicData/pat:EarliestPriorityApplication/pat:FilingDate
bibliographic-data/date-complete-specification-filed	pat:BibliographicData/pat:CompleteSpecificationFilingDate
bibliographic-data/dates-of-public-availability	pat:BibliographicData/pat:PublicAvailabilityDataBag
bibliographic-data/term-of-grant	pat:BibliographicData/pat:GrantTerm
bibliographic-data/dates-rights-effective	pat:BibliographicData/pat:RightsEffectiveDateBag
bibliographic-data/patent-family	pat:BibliographicData/pat:PatentFamily
bibliographic-data/field-of-search	pat:BibliographicData/pat:SearchField
bibliographic-data/figures	pat:BibliographicData/pat:FigureBag
bibliographic-data/references-cited	pat:BibliographicData/pat:ReferenceCitationBag
bibliographic-data/examiners	pat:BibliographicData/pat:PartyBag
bibliographic-data/number-of-claims	pat:BibliographicData/pat:ClaimTotalQuantity
bibliographic-data/related-documents	pat:BibliographicData/pat:RelatedDocumentBag
bibliographic-data/st50-republication	pat:BibliographicData/pat:PatentDocumentRepublication
bibliographic-data/date-exhibition-filed	pat:BibliographicData/pat:ExhibitionFilingDate
bibliographic-data/date-pct-article-22-39-fulfilled/date	pat:BibliographicData/pat:PCTNationalPhaseEntryDate
bibliographic-data/bio-deposit	pat:BibliographicData/com:BioDeposit
bibliographic-data/pct-or-regional-filing-data	pat:BibliographicData/pat:InternationalFilingData
bibliographic-data/pct-or-regional-publishing-data	pat:BibliographicData/pat:InternationalPublishingData
bibliographic-data/date-rights-reestablished	pat:BibliographicData/pat:RightsReestablishedDate
bibliographic-data/date-application-withdrawn-by-applicant	pat:BibliographicData/pat:ApplicationWithdrawnDate
bibliographic-data/date-application-deemed-withdrawn	pat:BibliographicData/pat:ApplicationDeemedWithdrawnDate
bibliographic-data/date-of-revocation	pat:BibliographicData/pat:PatentRevocationDate
bibliographic-data/date-application-partially-withdrawn/date	pat:BibliographicData/pat:ApplicationPartiallyWithdrawnDate
bibliographic-data/opposition-data	pat:BibliographicData/pat:OppositionData
plain-language-designation	pat:PlainLanguageDesignationText
plain-language-designation/@lang	pat:PlainLanguageDesignationText/@com:languageCode
publication-reference	pat:PatentGrantIdentification
publication-reference/@id	pat:PatentGrantIdentification/@com:id
publication-reference/document-id/country	pat:PatentGrantIdentification/com:IPOfficeCode
publication-reference/document-id/doc-number	pat:PatentGrantIdentification/pat:PatentNumber
publication-reference/document-id/kind	pat:PatentGrantIdentification/com:PatentDocumentKindCode
publication-reference/document-id/date	pat:PatentGrantIdentification/{http://www.wipo.int/standards/XMLSchema/ST96/Patent}IssueDate
classification-ipc	pat:IPCClassification
classification-ipc/@id	pat:IPCClassification/@com:id
classification-ipc/edition	pat:IPCClassification/com:Edition
classification-ipc/main-classification	pat:IPCClassification/pat:MainClassification
classification-ipc/further-classification	pat:IPCClassification/pat:FurtherClassification
classification-ipcr	pat:IPCRClassification
classification-ipcr/@id	pat:IPCRClassification/@com:id
classification-ipcr/@sequence	pat:IPCRClassification/@com:sequenceNumber
classification-ipcr/ipc-version-indicator/date	pat:IPCRClassification/pat:ClassificationVersionDate
classification-ipcr/classification-level	pat:IPCRClassification/pat:PatentClassificationLevelCode
classification-ipcr/section	pat:IPCRClassification/pat:Section
classification-ipcr/class	pat:IPCRClassification/pat:Class
classification-ipcr/subclass	pat:IPCRClassification/pat:Subclass
classification-ipcr/main-group	pat:IPCRClassification/pat:MainGroup
classification-ipcr/subgroup	pat:IPCRClassification/pat:Subgroup
classification-ipcr/symbol-position	pat:IPCRClassification/com:SymbolPositionCode
classification-ipcr/classification-value	pat:IPCRClassification/pat:IPCClassificationValueCode
classification-ipcr/action-date/date	pat:IPCRClassification/pat:ActionDate
classification-ipcr/generating-office/country	pat:IPCRClassification/pat:GeneratingOfficeCode
classification-ipcr/classification-status	pat:IPCRClassification/pat:IPCClassificationStatusCode
classification-ipcr/classification-data-source	pat:IPCRClassification/pat:PatentClassificationDataSourceCode
classification-ipcr/text	pat:IPCRClassification/pat:PatentClassificationText
classification-national	pat:NationalClassification
classification-national/@id	pat:NationalClassification/@com:id
classification-national/country	pat:NationalClassification/com:IPOfficeCode
classification-national/edition	pat:NationalClassification/com:Edition
classification-national/main-classification	pat:NationalClassification/pat:MainNationalClassification
classification-national/main-classification/text()	pat:NationalClassification/pat:MainNationalClassification/pat:PatentClassificationText
classification-national/further-classification	pat:NationalClassification/pat:FurtherNationalClassification
classification-national/further-classification/@id	pat:NationalClassification/pat:FurtherNationalClassification/@com:id
classification-national/further-classification/text()	pat:NationalClassification/pat:FurtherNationalClassification/pat:PatentClassificationText
classification-locarno	com:LocarnoClassificationBag
classification-locarno/@id	com:LocarnoClassificationBag/@com:id
classification-locarno/edition	com:LocarnoClassificationBag/com:LocarnoClassificationEdition
classification-locarno/edition/text()	com:LocarnoClassificationBag/com:LocarnoClassificationDate
classification-locarno/main-classification	com:LocarnoClassificationBag/com:LocarnoClassification/com:LocarnoClass
classification-locarno/text	com:LocarnoClassificationBag/com:LocarnoClassificationText
priority-claims	pat:PriorityClaimBag
priority-claims/priority-claim	pat:PriorityClaimBag/pat:PriorityClaim
priority-claims/priority-claim/@id	pat:PriorityClaimBag/pat:PriorityClaim/@com:id
priority-claims/priority-claim/@sequence	pat:PriorityClaimBag/pat:PriorityClaim/@com:sequenceNumber
priority-claims/priority-claim/@kind	pat:PriorityClaimBag/pat:PriorityClaim/pat:ApplicationFilingCategory
priority-claims/priority-claim/country	pat:PriorityClaimBag/pat:PriorityClaim/com:IPOfficeCode
priority-claims/priority-claim/doc-number	pat:PriorityClaimBag/pat:PriorityClaim/com:ApplicationNumber
priority-claims/priority-claim/doc-number/text()	pat:PriorityClaimBag/pat:PriorityClaim/com:ApplicationNumber/com:ApplicationNumberText
priority-claims/priority-claim/date	pat:PriorityClaimBag/pat:PriorityClaim/pat:FilingDate
priority-claims/priority-claim/priority-doc-requested	pat:PriorityClaimBag/pat:PriorityClaim/pat:RequestedPriorityDocumentIndicator
priority-claims/priority-claim/priority-doc-attached	pat:PriorityClaimBag/pat:PriorityClaim/pat:AttachedPriorityDocumentIndicator
priority-claims/priority-claim/priority-doc-from-library	pat:PriorityClaimBag/pat:PriorityClaim/pat:OnlineAvailablePriorityDocumentIndicator
priority-claims/priority-claim/priority-doc-from-library/@library-identifier	pat:PriorityClaimBag/pat:PriorityClaim/pat:OnlineAvailablePriorityDocumentIndicator/@pat:libraryIdentifier
priority-claims/priority-claim/priority-doc-from-library/@action-by	pat:PriorityClaimBag/pat:PriorityClaim/pat:OnlineAvailablePriorityDocumentIndicator/@com:officeCode
designation-of-states/designation-pct	pat:StateDesignation
designation-of-states/designation-pct/regional	pat:StateDesignation/pat:NationalDesignation
designation-of-states/designation-pct/regional/region/country	pat:StateDesignation/pat:RegionalDesignation/pat:RegionalOfficeCode
designation-of-states/designation-pct/regional/country	pat:StateDesignation/pat:RegionalDesignation/com:DesignatedCountryCode
designation-of-states/designation-pct/national	pat:StateDesignation/pat:RegionalDesignation
designation-of-states/designation-pct/national/country	pat:StateDesignation/pat:NationalDesignation/com:DesignatedCountryCode
designation-of-states/designation-pct/national/country/text()	pat:StateDesignation/pat:NationalDesignation/pat:ProtectionRequest
designation-of-states/designation-pct/national/protection-request/@subset	pat:StateDesignation/pat:NationalDesignation/pat:ProtectionRequest/@pat:subsetIndicator
designation-of-states/designation-pct/national/protection-request/kind-of-protection	pat:StateDesignation/pat:NationalDesignation/pat:ProtectionRequest/pat:ProtectionCategory
designation-of-states/designation-pct/national/protection-request/document-id	pat:StateDesignation/pat:NationalDesignation/pat:ProtectionRequest/pat:PatentDocumentIdentification/pat:ApplicationIdentification
designation-of-states/designation-pct/new-designation-country	pat:StateDesignation/pat:NewDesignationCountryCode
licensee-data	pat:LicenceBag/pat:Licence/pat:LicenseeBag
licensee-data/licensee	pat:LicenceBag/pat:Licence/pat:LicenseeBag/pat:Licensee
licensee-data/licensee/addressbook	pat:LicenceBag/pat:Licence/pat:LicenseeBag/pat:Licensee/com:Contact
licensee-data/attorney-or-agent	pat:LicenceBag/pat:Licence/pat:RegisteredPractitionerBag/pat:RegisteredPractitioner
licensee-data/attorney-or-agent/@rep-type	pat:LicenceBag/pat:Licence/pat:RegisteredPractitionerBag/pat:RegisteredPractitioner/pat:RegisteredPractitionerCategory
licensee-data/attorney-or-agent/addressbook	pat:LicenceBag/pat:Licence/pat:RegisteredPractitionerBag/pat:RegisteredPractitioner/com:Contact
licensee-data/effective-in	pat:LicenceBag/pat:Licence/com:EffectiveCountryBag
licensee-data/effective-in/country	pat:LicenceBag/pat:Licence/com:EffectiveCountryBag/com:CountryCode
dates-of-public-availability	pat:PublicAvailabilityDataBag
dates-of-public-availability/gazette-reference	pat:PublicAvailabilityDataBag/pat:GazetteReference
dates-of-public-availability/gazette-reference/@id	pat:PublicAvailabilityDataBag/pat:GazetteReference/@com:id
dates-of-public-availability/gazette-reference/@country	pat:PublicAvailabilityDataBag/pat:GazetteReference/com:IPOfficeCode
dates-of-public-availability/gazette-reference/gazette-num	pat:PublicAvailabilityDataBag/pat:GazetteReference/pat:GazetteNumber
dates-of-public-availability/gazette-reference/gazette-num/text()	pat:PublicAvailabilityDataBag/pat:GazetteReference/com:PublicationDate
dates-of-public-availability/gazette-reference/text	pat:PublicAvailabilityDataBag/pat:GazetteReference/pat:GazetteReferenceText
dates-of-public-availability/unexamined-not-printed-without-grant	pat:PublicAvailabilityDataBag/pat:UnexaminedNoGrantNotPrintedPatentDocument
dates-of-public-availability/unexamined-not-printed-without-grant/document-id	pat:PublicAvailabilityDataBag/pat:UnexaminedNoGrantNotPrintedPatentDocument/pat:PatentDocumentIdentification/pat:ApplicationIdentification
dates-of-public-availability/unexamined-not-printed-without-grant/text	pat:PublicAvailabilityDataBag/pat:UnexaminedNoGrantNotPrintedPatentDocument/com:CommentText
dates-of-public-availability/examined-not-printed-without-grant	pat:PublicAvailabilityDataBag/pat:ExaminedNoGrantNotPrintedPatentDocument
dates-of-public-availability/examined-not-printed-without-grant/document-id	pat:PublicAvailabilityDataBag/pat:ExaminedNoGrantNotPrintedPatentDocument/pat:PatentDocumentIdentification/pat:ApplicationIdentification
dates-of-public-availability/examined-not-printed-without-grant/text	pat:PublicAvailabilityDataBag/pat:ExaminedNoGrantNotPrintedPatentDocument/com:CommentText
dates-of-public-availability/unexamined-printed-without-grant	pat:PublicAvailabilityDataBag/pat:UnexaminedNoGrantPrintedPatentDocument
dates-of-public-availability/unexamined-printed-without-grant/document-id	pat:PublicAvailabilityDataBag/pat:UnexaminedNoGrantPrintedPatentDocument/pat:PatentDocumentIdentification/pat:PatentPublicationIdentification
dates-of-public-availability/unexamined-printed-without-grant/text	pat:PublicAvailabilityDataBag/pat:UnexaminedNoGrantPrintedPatentDocument/com:CommentText
dates-of-public-availability/examined-printed-without-grant	pat:PublicAvailabilityDataBag/pat:ExaminedNoGrantPrintedPatentDocument
dates-of-public-availability/examined-printed-without-grant/document-id	pat:PublicAvailabilityDataBag/pat:ExaminedNoGrantPrintedPatentDocument/pat:PatentDocumentIdentification/pat:PatentPublicationIdentification
dates-of-public-availability/examined-printed-without-grant/text	pat:PublicAvailabilityDataBag/pat:ExaminedNoGrantPrintedPatentDocument/com:CommentText
dates-of-public-availability/claims-only-available	pat:PublicAvailabilityDataBag/pat:OnlyAvailableClaims
dates-of-public-availability/claims-only-available/document-id	pat:PublicAvailabilityDataBag/pat:OnlyAvailableClaims/pat:PatentDocumentIdentification/pat:ApplicationIdentification
dates-of-public-availability/claims-only-available/text	pat:PublicAvailabilityDataBag/pat:OnlyAvailableClaims/com:CommentText
dates-of-public-availability/not-printed-with-grant	pat:PublicAvailabilityDataBag/pat:NotPrintedPatentGrant
dates-of-public-availability/not-printed-with-grant/document-id	pat:PublicAvailabilityDataBag/pat:NotPrintedPatentGrant/pat:PatentDocumentIdentification/pat:PatentGrantIdentification
dates-of-public-availability/invalidation-of-patent	pat:PublicAvailabilityDataBag/pat:PatentInvalidation
dates-of-public-availability/invalidation-of-patent/document-id	pat:PublicAvailabilityDataBag/pat:PatentInvalidation/pat:PatentDocumentIdentification/pat:PatentGrantIdentification
dates-of-public-availability/printed-as-amended	pat:PublicAvailabilityDataBag/pat:PrintedAsAmendedDocument
dates-of-public-availability/printed-as-amended/document-id	pat:PublicAvailabilityDataBag/pat:PrintedAsAmendedDocument/pat:PatentDocumentIdentification/pat:PatentPublicationIdentification
dates-of-public-availability/printed-as-amended/text	pat:PublicAvailabilityDataBag/pat:PrintedAsAmendedDocument/com:CommentText
term-of-grant	pat:GrantTerm
term-of-grant/disclaimer	pat:GrantTerm/pat:TerminalDisclaimer
term-of-grant/disclaimer/date	pat:GrantTerm/pat:TerminalDisclaimer/pat:DisclaimerDate
term-of-grant/disclaimer/text	pat:GrantTerm/pat:TerminalDisclaimer/pat:DisclaimerText
term-of-grant/length-of-grant	pat:GrantTerm/pat:GrantLengthQuantity
term-of-grant/lapse-of-patent	pat:GrantTerm/pat:PatentTermLapseQuantity
dates-rights-effective	pat:RightsEffectiveDateBag
dates-rights-effective/request-for-examination/date	pat:RightsEffectiveDateBag/com:ExaminationRequestDate
dates-rights-effective/first-examination-report-despatched/date	pat:RightsEffectiveDateBag/pat:FirstDespatchedExaminationReportDate
dates-rights-effective/patent-maintained-as-amended/date	pat:RightsEffectiveDateBag/pat:PatentMaintainedAsAmendedDate
dates-rights-effective/request-for-conversion-to-national-application	pat:RightsEffectiveDateBag/pat:NationalApplicationConversionRequest
dates-rights-effective/request-for-conversion-to-national-application/date	pat:RightsEffectiveDateBag/pat:NationalApplicationConversionRequest/pat:NationalApplicationConversionRequestDate
dates-rights-effective/request-for-conversion-to-national-application/country	pat:RightsEffectiveDateBag/pat:NationalApplicationConversionRequest/com:IPOfficeCode
dates-rights-effective/proceedings-suspended/date	pat:RightsEffectiveDateBag/pat:ProceedingsSuspensionDate
dates-rights-effective/proceedings-interrupted/date	pat:RightsEffectiveDateBag/pat:ProceedingsInterruptionDate
dates-rights-effective/proceedings-resumed/date	pat:RightsEffectiveDateBag/pat:ProceedingsResumptionDate
dates-rights-effective/notification-of-rights-after-appeal/date	pat:RightsEffectiveDateBag/pat:AfterAppealRightsNotificationDate
dates-rights-effective/date-entering-into-force/date	pat:RightsEffectiveDateBag/pat:EnteredIntoForceDate
patent-family	pat:PatentFamily
patent-family/@id	pat:PatentFamily/@com:id
patent-family/priority-application	pat:PatentFamily/pat:PriorityApplication
patent-family/priority-application/document-id	pat:PatentFamily/pat:PriorityApplication/pat:PatentPublicationIdentification
patent-family/family-member	pat:PatentFamily/pat:PatentFamilyMember
patent-family/family-member/document-id	pat:PatentFamily/pat:PatentFamilyMember/pat:PatentPublicationIdentification
patent-family/text	pat:PatentFamily/pat:PatentFamilyText
document-id	pat:PatentPublicationIdentification
document-id/country	pat:PatentGrantIdentification/com:IPOfficeCode
document-id/doc-number	pat:PatentGrantIdentification/pat:PatentNumber
document-id/kind	pat:PatentGrantIdentification/com:PatentDocumentKindCode
document-id/date	pat:PatentGrantIdentification/pat:GrantDate
field-of-search	pat:SearchField
field-of-search/classification-ipc	pat:SearchField/pat:PatentClassificationBag/pat:IPCClassification
field-of-search/classifications-ipcr	pat:SearchField/pat:PatentClassificationBag/pat:IPCRClassificationBag/pat:IPCRClassification
field-of-search/classifications-ipcr/@id	pat:SearchField/pat:PatentClassificationBag/pat:IPCRClassificationBag/pat:IPCRClassification
field-of-search/classification-national	pat:SearchField/pat:PatentClassificationBag/pat:NationalClassification
figures	pat:FigureBag
figures/number-of-drawing-sheets/text()	pat:FigureBag/pat:DrawingSheetTotalQuantity
figures/number-of-figures/text()	pat:FigureBag/pat:FigureTotalQuantity
figures/figure-to-publish	pat:FigureBag/pat:PublishFigure
figures/figure-to-publish/fig-number/text()	pat:FigureBag/pat:PublishFigure/pat:FigureNumber
references-cited	pat:ReferenceCitationBag
references-cited/citation	pat:ReferenceCitationBag/pat:ReferenceCitation
references-cited/citation/@id	pat:ReferenceCitationBag/pat:ReferenceCitation/@com:id
references-cited/citation/patcit	pat:ReferenceCitationBag/pat:ReferenceCitation/com:PatentCitation
references-cited/citation/patcit/@id	pat:ReferenceCitationBag/pat:ReferenceCitation/com:PatentCitation/@com:id
references-cited/citation/patcit/@num	pat:ReferenceCitationBag/pat:ReferenceCitation/com:PatentCitation/@com:sequenceNumber
references-cited/citation/patcit/text	pat:ReferenceCitationBag/pat:ReferenceCitation/com:PatentCitation/com:PatentCitationText
references-cited/citation/patcit/document-id	pat:ReferenceCitationBag/pat:ReferenceCitation/com:PatentCitation/com:CitedPatentDocumentIdentification
references-cited/citation/patcit/document-id/@lang	pat:ReferenceCitationBag/pat:ReferenceCitation/com:PatentCitation/com:CitedPatentDocumentIdentification/@com:languageCode
references-cited/citation/patcit/document-id/country	pat:ReferenceCitationBag/pat:ReferenceCitation/com:PatentCitation/com:CitedPatentDocumentIdentification/com:IPOfficeCode
references-cited/citation/patcit/document-id/doc-number	pat:ReferenceCitationBag/pat:ReferenceCitation/com:PatentCitation/com:CitedPatentDocumentIdentification/com:DocumentNumber
references-cited/citation/patcit/document-id/kind	pat:ReferenceCitationBag/pat:ReferenceCitation/com:PatentCitation/com:CitedPatentDocumentIdentification/com:PatentDocumentKindCode
references-cited/citation/patcit/document-id/name	pat:ReferenceCitationBag/pat:ReferenceCitation/com:PatentCitation/com:CitedPatentDocumentIdentification/com:EntityName
references-cited/citation/patcit/document-id/date	pat:ReferenceCitationBag/pat:ReferenceCitation/com:PatentCitation/com:CitedPatentDocumentIdentification/com:PatentDocumentDate
references-cited/citation/nplcit	pat:ReferenceCitationBag/pat:ReferenceCitation/com:NPLCitation
references-cited/citation/nplcit/@id	pat:ReferenceCitationBag/pat:ReferenceCitation/com:NPLCitation/@com:id
references-cited/citation/nplcit/@num	pat:ReferenceCitationBag/pat:ReferenceCitation/com:NPLCitation/@com:sequenceNumber
references-cited/citation/nplcit/@lang	pat:ReferenceCitationBag/pat:ReferenceCitation/com:NPLCitation/@com:languageCode
references-cited/citation/nplcit/article	pat:ReferenceCitationBag/pat:ReferenceCitation/com:NPLCitation/com:CitedJournalArticle
references-cited/citation/nplcit/book	pat:ReferenceCitationBag/pat:ReferenceCitation/com:NPLCitation/com:CitedBook
references-cited/citation/nplcit/book/notes	pat:ReferenceCitationBag/pat:ReferenceCitation/com:NPLCitation/com:CitedBook/com:Notes
references-cited/citation/nplcit/othercit	pat:ReferenceCitationBag/pat:ReferenceCitation/com:NPLCitation/com:NPLCitationText
references-cited/citation/rel-passage	pat:ReferenceCitationBag/pat:ReferenceCitation/pat:CitedPassageBag
references-cited/citation/rel-passage/text	pat:ReferenceCitationBag/pat:ReferenceCitation/pat:CitedPassageBag/pat:CitedPassage/pat:PassageRangeBag/pat:PassageRangeText
references-cited/citation/rel-passage/passage	pat:ReferenceCitationBag/pat:ReferenceCitation/pat:CitedPassageBag/pat:CitedPassage/pat:PassageRangeBag/pat:PassageRange/pat:PassageRangeStart
references-cited/citation/rel-passage/passage/text()	pat:ReferenceCitationBag/pat:ReferenceCitation/pat:CitedPassageBag/pat:CitedPassage/pat:PassageRangeBag/pat:PassageRange/pat:PassageRangeEnd
references-cited/citation/rel-passage/category	pat:ReferenceCitationBag/pat:ReferenceCitation/pat:CitedPassageBag/pat:CitedPassage/pat:PassageRelevanceBag/pat:PassageRelevance/pat:CitationCategoryCode
references-cited/citation/rel-passage/rel-claims	pat:ReferenceCitationBag/pat:ReferenceCitation/pat:CitedPassageBag/pat:CitedPassage/pat:PassageRelevanceBag/pat:PassageRelevance/pat:RelatedClaimBag
references-cited/citation/rel-passage/rel-claims/text()	pat:ReferenceCitationBag/pat:ReferenceCitation/pat:CitedPassageBag/pat:CitedPassage/pat:PassageRelevanceBag/pat:PassageRelevance/pat:RelatedClaimBag/{http://www.wipo.int/standards/XMLSchema/ST96/Patent}PatentClaimRange/{http://www.wipo.int/standards/XMLSchema/ST96/Patent}PatentClaimEndNumber
references-cited/citation/category/text()	pat:ReferenceCitationBag/pat:ReferenceCitation/@pat:citingPartyCategory
references-cited/citation/classification-national	pat:ReferenceCitationBag/pat:ReferenceCitation/pat:PatentClassificationBag/pat:NationalClassification
references-cited/citation/classification-national/@id	pat:ReferenceCitationBag/pat:ReferenceCitation/pat:PatentClassificationBag/pat:NationalClassification/@com:id
references-cited/citation/classification-national/country	pat:ReferenceCitationBag/pat:ReferenceCitation/pat:PatentClassificationBag/pat:NationalClassification/com:IPOfficeCode
references-cited/citation/classification-national/edition	pat:ReferenceCitationBag/pat:ReferenceCitation/pat:PatentClassificationBag/pat:NationalClassification/com:Edition
references-cited/citation/classification-national/main-classification	pat:ReferenceCitationBag/pat:ReferenceCitation/pat:PatentClassificationBag/pat:NationalClassification/pat:MainNationalClassification
references-cited/citation/classification-national/main-classification/text()	pat:ReferenceCitationBag/pat:ReferenceCitation/pat:PatentClassificationBag/pat:NationalClassification/pat:MainNationalClassification/pat:PatentClassificationText
references-cited/citation/classification-national/further-classification	pat:ReferenceCitationBag/pat:ReferenceCitation/pat:PatentClassificationBag/pat:NationalClassification/pat:FurtherNationalClassification
references-cited/citation/classification-national/further-classification/@id	pat:ReferenceCitationBag/pat:ReferenceCitation/pat:PatentClassificationBag/pat:NationalClassification/pat:FurtherNationalClassification/@com:id
references-cited/citation/classification-national/further-classification/text()	pat:ReferenceCitationBag/pat:ReferenceCitation/pat:PatentClassificationBag/pat:NationalClassification/pat:FurtherNationalClassification/pat:PatentClassificationText
st50-republication	pat:PatentDocumentRepublication
st50-republication/republication-code	pat:PatentDocumentRepublication/pat:RepublicationCategory
st50-republication/cancellation-date	pat:PatentDocumentRepublication/pat:RepublicationCancellationDate
st50-republication/modifications/modified-bibliography	pat:PatentDocumentRepublication/pat:ModificationPartIdentification/pat:ModifiedBibliography
st50-republication/modifications/modified-bibliography/inid-code	pat:PatentDocumentRepublication/pat:ModificationPartIdentification/pat:ModifiedBibliography/pat:PatentINIDCode
st50-republication/modifications/modified-bibliography/inid-code/@sequence	pat:PatentDocumentRepublication/pat:ModificationPartIdentification/pat:ModifiedBibliography/@com:sequenceNumber
st50-republication/modifications/modified-part	pat:PatentDocumentRepublication/pat:ModificationPartIdentification/pat:ModifiedPartInformation
st50-republication/modifications/modified-part/@sequence	pat:PatentDocumentRepublication/pat:ModificationPartIdentification/pat:ModifiedPartInformation/@com:sequenceNumber
st50-republication/modifications/modified-part/@lang	pat:PatentDocumentRepublication/pat:ModificationPartIdentification/pat:ModifiedPartInformation/@com:languageCode
st50-republication/modifications/modified-part/modified-part-name	pat:PatentDocumentRepublication/pat:ModificationPartIdentification/pat:ModifiedPartInformation/pat:ModifiedPartCategory
st50-republication/modifications/modified-part/modified-item	pat:PatentDocumentRepublication/pat:ModificationPartIdentification/pat:ModifiedPartInformation/pat:ModifiedItemText
st50-republication/republication-notes	pat:PatentDocumentRepublication/pat:RepublicationNoteTextBag
st50-republication/republication-notes/republication-note	pat:PatentDocumentRepublication/pat:RepublicationNoteTextBag/pat:RepublicationNoteText
st50-republication/republication-notes/republication-note/@sequence	pat:PatentDocumentRepublication/pat:RepublicationNoteTextBag/pat:RepublicationNoteText/@com:sequenceNumber
st50-republication/republication-notes/republication-note/@lang	pat:PatentDocumentRepublication/pat:RepublicationNoteTextBag/pat:RepublicationNoteText/@com:languageCode
st50-republication/correction-notice/gazette-reference	pat:PatentDocumentRepublication/pat:GazetteReference
st50-republication/correction-notice/gazette-reference/@id	pat:PatentDocumentRepublication/pat:GazetteReference/@com:id
st50-republication/correction-notice/gazette-reference/@country	pat:PatentDocumentRepublication/pat:GazetteReference/com:IPOfficeCode
st50-republication/correction-notice/gazette-reference/gazette-num	pat:PatentDocumentRepublication/pat:GazetteReference/pat:GazetteNumber
st50-republication/correction-notice/gazette-reference/date	pat:PatentDocumentRepublication/pat:GazetteReference/com:PublicationDate
st50-republication/correction-notice/gazette-reference/text	pat:PatentDocumentRepublication/pat:GazetteReference/pat:GazetteReferenceText
related-documents	pat:RelatedDocumentBag
related-documents/addition	pat:RelatedDocumentBag/pat:Addition
related-documents/addition/relation/parent-doc	pat:RelatedDocumentBag/pat:Addition/pat:ParentDocument
related-documents/addition/relation/parent-doc/document-id	pat:RelatedDocumentBag/pat:Addition/pat:ParentDocument/pat:PatentDocumentIdentification/pat:PatentPublicationIdentification
related-documents/addition/relation/parent-doc/parent-status	pat:RelatedDocumentBag/pat:Addition/pat:ParentDocument/pat:ParentDocumentStatusCode
related-documents/addition/relation/parent-doc/parent-grant-document/document-id	pat:RelatedDocumentBag/pat:Addition/pat:ParentDocument/pat:PatentDocumentIdentification/pat:PatentGrantIdentification
related-documents/addition/relation/parent-doc/parent-pct-document	pat:RelatedDocumentBag/pat:Addition/pat:ParentDocument/pat:PCTDocumentParent
related-documents/addition/relation/parent-doc/parent-pct-document/document-id	pat:RelatedDocumentBag/pat:Addition/pat:ParentDocument/pat:PCTDocumentParent/pat:ApplicationIdentification
related-documents/addition/relation/child-doc	pat:RelatedDocumentBag/pat:Addition/pat:ChildDocument
related-documents/addition/relation/child-doc/document-id	pat:RelatedDocumentBag/pat:Addition/pat:ChildDocument/pat:PatentDocumentIdentification/pat:ApplicationIdentification
related-documents/division	pat:RelatedDocumentBag/pat:Division
related-documents/continuation	pat:RelatedDocumentBag/pat:Continuation
related-documents/continuation/relation/parent-doc/document-id	pat:RelatedDocumentBag/pat:Continuation/pat:ParentDocument/pat:PatentDocumentIdentification/pat:ApplicationIdentification
related-documents/continuation/relation/parent-doc/document-id/country	pat:RelatedDocumentBag/pat:Continuation/pat:ParentDocument/pat:PatentDocumentIdentification/pat:ApplicationIdentification/com:IPOfficeCode
related-documents/continuation/relation/parent-doc/document-id/doc-number	pat:RelatedDocumentBag/pat:Continuation/pat:ParentDocument/pat:PatentDocumentIdentification/pat:ApplicationIdentification/com:ApplicationNumber/com:ApplicationNumberText
related-documents/continuation/relation/child-doc	pat:RelatedDocumentBag/pat:Continuation/pat:ChildDocument
related-documents/continuation/relation/child-doc/document-id	pat:RelatedDocumentBag/pat:Continuation/pat:ChildDocument/pat:PatentDocumentIdentification
related-documents/continuation/relation/child-doc/document-id/country	pat:RelatedDocumentBag/pat:Continuation/pat:ChildDocument/pat:PatentDocumentIdentification/pat:ApplicationIdentification/com:IPOfficeCode
related-documents/continuation/relation/child-doc/document-id/doc-number	pat:RelatedDocumentBag/pat:Continuation/pat:ChildDocument/pat:PatentDocumentIdentification/pat:ApplicationIdentification/com:ApplicationNumber/com:ApplicationNumberText
related-documents/continuation-in-part	pat:RelatedDocumentBag/pat:PartialContinuation
related-documents/continuation-in-part/relation/parent-doc	pat:RelatedDocumentBag/pat:PartialContinuation/pat:ParentDocument
related-documents/continuation-in-part/relation/parent-doc/document-id	pat:RelatedDocumentBag/pat:PartialContinuation/pat:ParentDocument/pat:PatentDocumentIdentification/pat:ApplicationIdentification
related-documents/continuation-in-part/relation/parent-doc/document-id/country	pat:RelatedDocumentBag/pat:PartialContinuation/pat:ParentDocument/pat:PatentDocumentIdentification/pat:ApplicationIdentification/com:IPOfficeCode
related-documents/continuation-in-part/relation/parent-doc/document-id/doc-number	pat:RelatedDocumentBag/pat:PartialContinuation/pat:ParentDocument/pat:PatentDocumentIdentification/pat:ApplicationIdentification/com:ApplicationNumber/com:ApplicationNumberText
related-documents/continuation-in-part/relation/parent-doc/document-id/date	pat:RelatedDocumentBag/pat:PartialContinuation/pat:ParentDocument/pat:PatentDocumentIdentification/pat:ApplicationIdentification/pat:FilingDate
related-documents/continuation-in-part/relation/parent-doc/parent-status	pat:RelatedDocumentBag/pat:PartialContinuation/pat:ParentDocument/pat:ParentDocumentStatusCode
related-documents/continuation-in-part/relation/parent-doc/parent-grant-document/document-id	pat:RelatedDocumentBag/pat:PartialContinuation/pat:ParentDocument/pat:PatentDocumentIdentification/pat:PatentGrantIdentification
related-documents/continuation-in-part/relation/parent-doc/parent-grant-document/document-id/country	pat:RelatedDocumentBag/pat:PartialContinuation/pat:ParentDocument/pat:PatentDocumentIdentification/pat:PatentGrantIdentification/com:IPOfficeCode
related-documents/continuation-in-part/relation/parent-doc/parent-grant-document/document-id/doc-number	pat:RelatedDocumentBag/pat:PartialContinuation/pat:ParentDocument/pat:PatentDocumentIdentification/pat:PatentGrantIdentification/pat:PatentNumber
related-documents/continuation-in-part/relation/parent-doc/parent-grant-document/document-id/kind	pat:RelatedDocumentBag/pat:PartialContinuation/pat:ParentDocument/pat:PatentDocumentIdentification/pat:PatentGrantIdentification/com:PatentDocumentKindCode
related-documents/continuation-in-part/relation/parent-doc/parent-grant-document/document-id/date	pat:RelatedDocumentBag/pat:PartialContinuation/pat:ParentDocument/pat:PatentDocumentIdentification/pat:PatentGrantIdentification/pat:GrantDate
related-documents/continuation-in-part/relation/child-doc	pat:RelatedDocumentBag/pat:PartialContinuation/pat:ChildDocument
related-documents/continuation-in-part/relation/child-doc/document-id	pat:RelatedDocumentBag/pat:PartialContinuation/pat:ChildDocument/pat:PatentDocumentIdentification/pat:ApplicationIdentification
related-documents/continuation-in-part/relation/child-doc/document-id/country	pat:RelatedDocumentBag/pat:PartialContinuation/pat:ChildDocument/pat:PatentDocumentIdentification/pat:ApplicationIdentification/com:IPOfficeCode
related-documents/continuation-in-part/relation/child-doc/document-id/doc-number	pat:RelatedDocumentBag/pat:PartialContinuation/pat:ChildDocument/pat:PatentDocumentIdentification/pat:ApplicationIdentification/com:ApplicationNumber/com:ApplicationNumberText
related-documents/continuing-reissue	pat:RelatedDocumentBag/pat:ContinuingReissue
related-documents/reissue	pat:RelatedDocumentBag/pat:Reissue
related-documents/reexamination	pat:RelatedDocumentBag/pat:Reexamination
related-documents/substitution	pat:RelatedDocumentBag/pat:Substitution
related-documents/utility-model-basis	pat:RelatedDocumentBag/pat:UtilityModelBasis
related-documents/correction	pat:RelatedDocumentBag/pat:Correction
related-documents/related-publication	pat:RelatedDocumentBag/pat:RelatedPublication
related-documents/related-publication/document-id	pat:RelatedDocumentBag/pat:RelatedPublication/pat:PatentDocumentIdentification/pat:PatentPublicationIdentification
related-documents/related-publication/document-id/country	pat:RelatedDocumentBag/pat:RelatedPublication/pat:PatentDocumentIdentification/pat:PatentPublicationIdentification/com:IPOfficeCode
related-documents/related-publication/document-id/doc-number	pat:RelatedDocumentBag/pat:RelatedPublication/pat:PatentDocumentIdentification/pat:PatentPublicationIdentification/pat:PublicationNumber
related-documents/related-publication/document-id/kind	pat:RelatedDocumentBag/pat:RelatedPublication/pat:PatentDocumentIdentification/pat:PatentPublicationIdentification/com:PatentDocumentKindCode
related-documents/related-publication/document-id/date	pat:RelatedDocumentBag/pat:RelatedPublication/pat:PatentDocumentIdentification/pat:PatentPublicationIdentification/com:PublicationDate
pct-or-regional-filing-data	pat:InternationalFilingData
pct-or-regional-filing-data/document-id/country	pat:InternationalFilingData/pat:ApplicationIdentification/com:ApplicationNumber/com:IPOfficeCode
pct-or-regional-filing-data/document-id/doc-number	pat:InternationalFilingData/pat:ApplicationIdentification/com:ApplicationNumber/com:ApplicationNumberText
pct-or-regional-filing-data/document-id/date	pat:InternationalFilingData/pat:ApplicationIdentification/pat:FilingDate
pct-or-regional-filing-data/us-371c124-date/date	pat:InternationalFilingData/pat:NationalStageFilingDate
pct-or-regional-filing-data/document-id/@lang	pat:InternationalFilingData/pat:ApplicationIdentification/com:FilingLanguageCode
application-reference	pat:ApplicationIdentification
application-reference/@id	pat:ApplicationIdentification/@com:id
application-reference/@appl-type	pat:ApplicationIdentification/pat:InventionSubjectMatterCategory
application-reference/document-id/country	pat:ApplicationIdentification/com:ApplicationNumber/com:IPOfficeCode
application-reference/document-id/doc-number	pat:ApplicationIdentification/com:ApplicationNumber/com:ApplicationNumberText
application-reference/document-id/date	pat:ApplicationIdentification/pat:FilingDate
electronic-signature	com:ElectronicSignature
electronic-signature/@date	com:ElectronicSignature/com:ElectronicSignatureDate
electronic-signature/@place-signed	com:ElectronicSignature/com:ElectronicSignaturePlace
electronic-signature/basic-signature	com:ElectronicSignature/com:ElectronicBasicSignature
electronic-signature/basic-signature/fax-image/@file	com:ElectronicSignature/com:ElectronicBasicSignature/com:ElectronicBasicSignatureImageURI
electronic-signature/basic-signature/text-string	com:ElectronicSignature/com:ElectronicBasicSignature/com:ElectronicBasicSignatureText
electronic-signature/basic-signature/click-wrap	com:ElectronicSignature/com:ElectronicBasicSignature/com:ElectronicBasicSignatureClickWrap
electronic-signature/enhanced-signature	com:ElectronicSignature/com:ElectronicEnhancedSignature
electronic-signature/enhanced-signature/pkcs7	com:ElectronicSignature/com:ElectronicEnhancedSignature/@com:pkcs7Indicator
addressbook	com:PublicationContact
addressbook/@lang	com:Contact/@com:languageCode
addressbook/name	com:PublicationContact/com:Name/com:EntityName
addressbook/prefix	com:PublicationContact/com:Name/com:PersonName/com:PersonStructuredName/com:NamePrefix
addressbook/last-name	com:PublicationContact/com:Name/com:PersonName/com:PersonStructuredName/com:LastName
addressbook/orgname	com:PublicationContact/com:Name/com:OrganizationName/com:OrganizationStandardName
addressbook/orgname/text()	com:PublicationContact/com:Name/com:OrganizationName/com:OrganizationStandardName/text()
addressbook/first-name	com:PublicationContact/com:Name/com:PersonName/com:PersonStructuredName/com:FirstName
addressbook/middle-name	com:PublicationContact/com:Name/com:PersonName/com:PersonStructuredName/com:MiddleName
addressbook/first-last-name	com:PublicationContact/com:Name/com:PersonName/com:PersonStructuredName/com:FirstLastName
addressbook/second-last-name	com:PublicationContact/com:Name/com:PersonName/com:PersonStructuredName/com:SecondLastName
addressbook/suffix	com:PublicationContact/com:Name/com:PersonName/com:PersonStructuredName/com:NameSuffix
addressbook/role	com:Contact/com:Name/com:EntityName/@com:entityNameCategory
addressbook/address	com:Contact/com:PostalAddressBag/com:PostalAddress
addressbook/address/address-1	com:Contact/com:PostalAddressBag/com:PostalAddress/com:PostalStructuredAddress/com:AddressLineText
addressbook/address/address-1/text()	com:Contact/com:PostalAddressBag/com:PostalAddress/com:PostalStructuredAddress/com:AddressLineText
addressbook/address/address-2	com:Contact/com:PostalAddressBag/com:PostalAddress/com:PostalStructuredAddress/com:AddressLineText (3)
addressbook/address/address-2/text()	com:Contact/com:PostalAddressBag/com:PostalAddress/com:PostalStructuredAddress/com:AddressLineText (3)
addressbook/address/address-3	com:Contact/com:PostalAddressBag/com:PostalAddress/com:PostalStructuredAddress/com:AddressLineText (4)
addressbook/address/address-3/text()	com:Contact/com:PostalAddressBag/com:PostalAddress/com:PostalStructuredAddress/com:AddressLineText (4)
addressbook/address/address-4	com:Contact/com:PostalAddressBag/com:PostalAddress/com:PostalStructuredAddress/com:AddressLineText (2)
addressbook/address/address-4/text()	com:Contact/com:PostalAddressBag/com:PostalAddress/com:PostalStructuredAddress/com:AddressLineText (2)
addressbook/address/address-5	com:Contact/com:PostalAddressBag/com:PostalAddress/com:PostalStructuredAddress/com:AddressLineText (5)
addressbook/address/address-5/text()	com:Contact/com:PostalAddressBag/com:PostalAddress/com:PostalStructuredAddress/com:AddressLineText (5)
addressbook/address/mailcode	com:Contact/com:PostalAddressBag/com:PostalAddress/com:PostalStructuredAddress/com:PostalCode
addressbook/address/pobox	com:Contact/com:PostalAddressBag/com:PostalAddress/com:PostalStructuredAddress/com:AddressLineText (6)
addressbook/address/pobox/text()	com:Contact/com:PostalAddressBag/com:PostalAddress/com:PostalStructuredAddress/com:AddressLineText (6)
addressbook/address/room	com:Contact/com:PostalAddressBag/com:PostalAddress/com:PostalStructuredAddress/com:AddressLineText (7)
addressbook/address/room/text()	com:Contact/com:PostalAddressBag/com:PostalAddress/com:PostalStructuredAddress/com:AddressLineText (7)
addressbook/address/address-floor	com:Contact/com:PostalAddressBag/com:PostalAddress/com:PostalStructuredAddress/com:AddressLineText (8)
addressbook/address/address-floor/text()	com:Contact/com:PostalAddressBag/com:PostalAddress/com:PostalStructuredAddress/com:AddressLineText (8)
addressbook/address/building	com:Contact/com:PostalAddressBag/com:PostalAddress/com:PostalStructuredAddress/com:AddressLineText (9)
addressbook/address/building/text()	com:Contact/com:PostalAddressBag/com:PostalAddress/com:PostalStructuredAddress/com:AddressLineText (9)
addressbook/address/street	com:Contact/com:PostalAddressBag/com:PostalAddress/com:PostalStructuredAddress/com:AddressLineText (10)
addressbook/address/street/text()	com:Contact/com:PostalAddressBag/com:PostalAddress/com:PostalStructuredAddress/com:AddressLineText (10)
addressbook/address/city	com:PublicationContact/com:CityName
addressbook/address/county	com:Contact/com:PostalAddressBag/com:PostalAddress/com:PostalStructuredAddress/com:GeographicRegionName
addressbook/address/county/text()	com:Contact/com:PostalAddressBag/com:PostalAddress/com:PostalStructuredAddress/com:GeographicRegionName
addressbook/address/state	com:PublicationContact/com:GeographicRegionName
addressbook/address/state/text()	com:Contact/com:PostalAddressBag/com:PostalAddress/com:PostalStructuredAddress/com:GeographicRegionName (2)
addressbook/address/postcode	com:PublicationContact/com:PostalCode
addressbook/address/country	com:PublicationContact/com:CountryCode
addressbook/address/text	com:Contact/com:PostalAddressBag/com:PostalAddress/com:PostalAddressText
addressbook/phone	com:Contact/com:PhoneNumberBag/com:PhoneNumber
addressbook/fax	com:Contact/com:FaxNumberBag/com:FaxNumber
addressbook/email	com:Contact/com:EmailAddressBag/com:EmailAddressText
addressbook/email/@email-purpose	com:Contact/com:EmailAddressBag/com:EmailAddressText/@com:emailAddressPurposeCategory
addressbook/url	com:Contact/com:WebAddressBag/com:WebAddressURI
addressbook/ead	com:Contact/com:OtherElectronicAddressBag
parties	pat:PartyBag
parties/applicants	pat:PartyBag/pat:ApplicantBag
parties/applicants/applicant	pat:PartyBag/pat:ApplicantBag/pat:Applicant
parties/applicants/applicant/@sequence	pat:PartyBag/pat:ApplicantBag/pat:Applicant/pat:SuccessorRights/@pat:applicantSequenceNumberReference
parties/applicants/applicant/@app-type	pat:PartyBag/pat:ApplicantBag/pat:Applicant/pat:ApplicantCategory
parties/applicants/applicant/@designation	pat:PartyBag/pat:ApplicantBag/pat:Applicant/pat:DesignationCategory
parties/applicants/applicant/addressbook	pat:PartyBag/pat:ApplicantBag/pat:Applicant/com:PublicationContact
parties/applicants/applicant/nationality/country	pat:PartyBag/pat:ApplicantBag/pat:Applicant/com:NationalityCode
parties/applicants/applicant/residence/country	pat:PartyBag/pat:ApplicantBag/pat:Applicant/com:ResidenceCountryCode
parties/applicants/applicant/us-rights	pat:PartyBag/pat:ApplicantBag/pat:Applicant/pat:SuccessorRights
parties/applicants/applicant/us-rights/@kind	pat:PartyBag/pat:ApplicantBag/pat:Applicant/pat:SuccessorRights/pat:SuccessorCategory
parties/applicants/applicant/us-rights/text()	pat:PartyBag/pat:ApplicantBag/pat:Applicant/pat:SuccessorRights/pat:SuccessorRightsText
parties/inventors	pat:PartyBag/pat:InventorBag
parties/inventors/inventor	pat:PartyBag/pat:InventorBag/pat:Inventor
parties/inventors/inventor/@sequence	pat:PartyBag/pat:InventorBag/pat:Inventor/@com:sequenceNumber
parties/inventors/inventor/@designation	pat:PartyBag/pat:InventorBag/pat:Inventor/pat:StateDesignation/pat:NewDesignationCountryCode
parties/inventors/inventor/addressbook	pat:PartyBag/pat:InventorBag/pat:Inventor/com:PublicationContact
parties/inventors/inventor/designated-states	pat:PartyBag/pat:InventorBag/pat:Inventor/pat:StateDesignation
parties/inventors/inventor/designated-states/country	pat:PartyBag/pat:InventorBag/pat:Inventor/pat:StateDesignation/pat:NationalDesignation/com:DesignatedCountryCode
parties/inventors/inventor/designated-states/region	pat:PartyBag/pat:InventorBag/pat:Inventor/pat:StateDesignation/pat:RegionalDesignation
parties/inventors/inventor/designated-states/region/country	pat:PartyBag/pat:InventorBag/pat:Inventor/pat:StateDesignation/pat:RegionalDesignation/com:DesignatedCountryCode
parties/correspondence-address	pat:PartyBag/com:CorrespondenceAddress
parties/correspondence-address/customer-number	pat:PartyBag/com:CorrespondenceAddress/com:PartyIdentifier
parties/correspondence-address/addressbook	pat:PartyBag/com:CorrespondenceAddress/com:Contact
parties/agents	pat:PartyBag/pat:RegisteredPractitionerBag
parties/agents/customer-number	pat:PartyBag/pat:RegisteredPractitionerBag/pat:RegisteredPractitioner/pat:RegisteredPractitionerRegistrationNumber
parties/agents/agent	pat:PartyBag/pat:RegisteredPractitionerBag/pat:RegisteredPractitioner
parties/agents/agent/@sequence	pat:PartyBag/pat:RegisteredPractitionerBag/pat:RegisteredPractitioner/@com:sequenceNumber
parties/agents/agent/@rep-type	pat:PartyBag/pat:RegisteredPractitionerBag/pat:RegisteredPractitioner/pat:RegisteredPractitionerCategory
parties/agents/agent/addressbook	pat:PartyBag/pat:RegisteredPractitionerBag/pat:RegisteredPractitioner/com:PublicationContact
assignees	pat:PartyBag/pat:AssigneeBag
assignees/assignee	pat:PartyBag/pat:AssigneeBag/pat:Assignee
assignees/assignee/addressbook	pat:PartyBag/pat:AssigneeBag/pat:Assignee/com:PublicationContact
examiners	pat:PartyBag/pat:ExaminerBag
examiners/primary-examiner	pat:PartyBag/pat:ExaminerBag/pat:PrimaryExaminer
examiners/primary-examiner/name	pat:PartyBag/pat:ExaminerBag/pat:PrimaryExaminer/com:Name/com:OrganizationName/com:OrganizationStandardName
examiners/primary-examiner/prefix	pat:PartyBag/pat:ExaminerBag/pat:PrimaryExaminer/com:Name/com:PersonName/com:PersonStructuredName/com:NamePrefix
examiners/primary-examiner/last-name	pat:PartyBag/pat:ExaminerBag/pat:PrimaryExaminer/com:Name/com:PersonName/com:PersonStructuredName/com:LastName
examiners/primary-examiner/orgname	pat:PartyBag/pat:ExaminerBag/pat:PrimaryExaminer/com:Name/com:OrganizationName/com:OrganizationOtherName/@com:organizationNameCategory
examiners/primary-examiner/orgname/text()	pat:PartyBag/pat:ExaminerBag/pat:PrimaryExaminer/com:Name/com:OrganizationName/com:OrganizationOtherName/@com:organizationNameCategory
examiners/primary-examiner/first-name	pat:PartyBag/pat:ExaminerBag/pat:PrimaryExaminer/com:Name/com:PersonName/com:PersonStructuredName/com:FirstName
examiners/primary-examiner/middle-name	pat:PartyBag/pat:ExaminerBag/pat:PrimaryExaminer/com:Name/com:PersonName/com:PersonStructuredName/com:MiddleName
examiners/primary-examiner/first-last-name	pat:PartyBag/pat:ExaminerBag/pat:PrimaryExaminer/com:Name/com:PersonName/com:PersonStructuredName/com:FirstLastName
examiners/primary-examiner/second-last-name	pat:PartyBag/pat:ExaminerBag/pat:PrimaryExaminer/com:Name/com:PersonName/com:PersonStructuredName/com:SecondLastName
examiners/primary-examiner/suffix	pat:PartyBag/pat:ExaminerBag/pat:PrimaryExaminer/com:Name/com:PersonName/com:PersonStructuredName/com:NameSuffix
examiners/primary-examiner/role	pat:PartyBag/pat:ExaminerBag/pat:PrimaryExaminer/com:Name/com:EntityName/@com:entityNameCategory
examiners/primary-examiner/synonym	pat:PartyBag/pat:ExaminerBag/pat:PrimaryExaminer/com:Name/com:PersonName/com:PersonStructuredName/com:PersonOtherName
examiners/primary-examiner/electronic-signature	pat:PartyBag/pat:ExaminerBag/pat:PrimaryExaminer/com:ElectronicSignature
examiners/assistant-examiner	pat:PartyBag/pat:ExaminerBag/pat:AssistantExaminer
examiners/assistant-examiner/name	pat:PartyBag/pat:ExaminerBag/pat:AssistantExaminer/com:Name/com:PersonName/com:PersonFullName
examiners/assistant-examiner/prefix	pat:PartyBag/pat:ExaminerBag/pat:AssistantExaminer/com:Name/com:PersonName/com:PersonStructuredName/com:NamePrefix
examiners/assistant-examiner/last-name	pat:PartyBag/pat:ExaminerBag/pat:AssistantExaminer/com:Name/com:PersonName/com:PersonStructuredName/com:LastName
examiners/assistant-examiner/orgname	pat:PartyBag/pat:ExaminerBag/pat:AssistantExaminer/com:Name/com:OrganizationName/com:OrganizationOtherName/@com:organizationNameCategory
examiners/assistant-examiner/orgname/text()	pat:PartyBag/pat:ExaminerBag/pat:AssistantExaminer/com:Name/com:OrganizationName/com:OrganizationOtherName/@com:organizationNameCategory
examiners/assistant-examiner/first-name	pat:PartyBag/pat:ExaminerBag/pat:AssistantExaminer/com:Name/com:PersonName/com:PersonStructuredName/com:FirstName
examiners/assistant-examiner/middle-name	pat:PartyBag/pat:ExaminerBag/pat:AssistantExaminer/com:Name/com:PersonName/com:PersonStructuredName/com:MiddleName
examiners/assistant-examiner/first-last-name	pat:PartyBag/pat:ExaminerBag/pat:AssistantExaminer/com:Name/com:PersonName/com:PersonStructuredName/com:FirstLastName
examiners/assistant-examiner/second-last-name	pat:PartyBag/pat:ExaminerBag/pat:AssistantExaminer/com:Name/com:PersonName/com:PersonStructuredName/com:SecondLastName
examiners/assistant-examiner/suffix	pat:PartyBag/pat:ExaminerBag/pat:AssistantExaminer/com:Name/com:PersonName/com:PersonStructuredName/com:NameSuffix
examiners/assistant-examiner/role	pat:PartyBag/pat:ExaminerBag/pat:AssistantExaminer/com:Name/com:EntityName/@com:entityNameCategory
examiners/assistant-examiner/synonym	pat:PartyBag/pat:ExaminerBag/pat:AssistantExaminer/com:Name/com:PersonName/com:PersonStructuredName/com:PersonOtherName
examiners/assistant-examiner/electronic-signature	pat:PartyBag/pat:ExaminerBag/pat:AssistantExaminer/com:ElectronicSignature
examiners/authorized-officer	pat:PartyBag/pat:ExaminerBag/pat:AuthorizedOfficer
examiners/authorized-officer/name	pat:PartyBag/pat:ExaminerBag/pat:AuthorizedOfficer/com:Name/com:PersonName/com:PersonFullName
examiners/authorized-officer/prefix	pat:PartyBag/pat:ExaminerBag/pat:AuthorizedOfficer/com:Name/com:PersonName/com:PersonStructuredName/com:NamePrefix
examiners/authorized-officer/last-name	pat:PartyBag/pat:ExaminerBag/pat:AuthorizedOfficer/com:Name/com:PersonName/com:PersonStructuredName/com:LastName
examiners/authorized-officer/orgname	pat:PartyBag/pat:ExaminerBag/pat:AuthorizedOfficer/com:Name/com:OrganizationName/com:OrganizationOtherName/@com:organizationNameCategory
examiners/authorized-officer/orgname/text()	pat:PartyBag/pat:ExaminerBag/pat:AuthorizedOfficer/com:Name/com:OrganizationName/com:OrganizationOtherName/@com:organizationNameCategory
examiners/authorized-officer/first-name	pat:PartyBag/pat:ExaminerBag/pat:AuthorizedOfficer/com:Name/com:PersonName/com:PersonStructuredName/com:FirstName
examiners/authorized-officer/middle-name	pat:PartyBag/pat:ExaminerBag/pat:AuthorizedOfficer/com:Name/com:PersonName/com:PersonStructuredName/com:MiddleName
examiners/authorized-officer/first-last-name	pat:PartyBag/pat:ExaminerBag/pat:AuthorizedOfficer/com:Name/com:PersonName/com:PersonStructuredName/com:FirstLastName
examiners/authorized-officer/second-last-name	pat:PartyBag/pat:ExaminerBag/pat:AuthorizedOfficer/com:Name/com:PersonName/com:PersonStructuredName/com:SecondLastName
examiners/authorized-officer/suffix	pat:PartyBag/pat:ExaminerBag/pat:AuthorizedOfficer/com:Name/com:PersonName/com:PersonStructuredName/com:NameSuffix
examiners/authorized-officer/role	pat:PartyBag/pat:ExaminerBag/pat:AuthorizedOfficer/com:Name/com:EntityName/@com:entityNameCategory
examiners/authorized-officer/synonym	pat:PartyBag/pat:ExaminerBag/pat:AuthorizedOfficer/com:Name/com:PersonName/com:PersonStructuredName/com:PersonOtherName
examiners/authorized-officer/phone	pat:PartyBag/pat:ExaminerBag/pat:AuthorizedOfficer/com:PhoneNumber
examiners/authorized-officer/fax	pat:PartyBag/pat:ExaminerBag/pat:AuthorizedOfficer/com:FaxNumber
examiners/authorized-officer/email	pat:PartyBag/pat:ExaminerBag/pat:AuthorizedOfficer/com:EmailAddressText
examiners/authorized-officer/electronic-signature	pat:PartyBag/pat:ExaminerBag/pat:AuthorizedOfficer/com:ElectronicSignature
invention-title	pat:InventionTitle
invention-title/@id	pat:InventionTitle/@com:id
invention-title/@lang	pat:InventionTitle/@com:languageCode
invention-title/text()	pat:InventionTitle/text()
invention-title/b	pat:InventionTitle/com:B
invention-title/b/text()	pat:InventionTitle/com:B/text()
invention-title/b/i	pat:InventionTitle/com:B/com:I
invention-title/b/i/text()	pat:InventionTitle/com:B/com:I/text()
invention-title/b/u	pat:InventionTitle/com:B/com:U
invention-title/b/u/text()	pat:InventionTitle/com:B/com:U/text()
invention-title/b/o	pat:InventionTitle/com:B/com:O
invention-title/b/o/text()	pat:InventionTitle/com:B/com:O/text()
invention-title/b/smallcaps	pat:InventionTitle/com:B/com:SmallCapital
invention-title/b/smallcaps/text()	pat:InventionTitle/com:B/com:SmallCapital/text()
invention-title/b/sup	pat:InventionTitle/com:B/com:Sup
invention-title/b/sup/text()	pat:InventionTitle/com:B/com:Sup/text()
invention-title/b/sub	pat:InventionTitle/com:B/com:Sub
invention-title/b/sub/text()	pat:InventionTitle/com:B/com:Sub/text()
invention-title/i	pat:InventionTitle/com:I
invention-title/i/text()	pat:InventionTitle/com:I/text()
invention-title/u	pat:InventionTitle/com:U
invention-title/u/text()	pat:InventionTitle/com:U/text()
invention-title/o	pat:InventionTitle/com:O
invention-title/o/text()	pat:InventionTitle/com:O/text()
invention-title/sup	pat:InventionTitle/com:Sub
invention-title/sup/text()	pat:InventionTitle/com:Sub/text()
invention-title/sub	pat:InventionTitle/com:Sup
invention-title/sub/text()	pat:InventionTitle/com:Sup/text()
bio-deposit	com:BioDeposit
bio-deposit/@id	com:BioDeposit/@com:id
bio-deposit/@num	com:BioDeposit/@com:sequenceNumber
bio-deposit/@url	com:BioDeposit/@com:sourceURI
bio-deposit/depositary	com:BioDeposit/com:BioDepositDepositary
bio-deposit/depositary/address	com:BioDeposit/com:BioDepositDepositary/com:PostalAddressBag/com:PostalAddress/com:PostalStructuredAddress
bio-deposit/depositary/address/address-1	com:BioDeposit/com:BioDepositDepositary/com:PostalAddressBag/com:PostalAddress/com:PostalStructuredAddress/com:AddressLineText
bio-deposit/depositary/address/address-1/text()	com:BioDeposit/com:BioDepositDepositary/com:PostalAddressBag/com:PostalAddress/com:PostalStructuredAddress/com:AddressLineText
bio-deposit/depositary/address/address-2	com:BioDeposit/com:BioDepositDepositary/com:PostalAddressBag/com:PostalAddress/com:PostalStructuredAddress/com:AddressLineText (5)
bio-deposit/depositary/address/address-2/text()	com:BioDeposit/com:BioDepositDepositary/com:PostalAddressBag/com:PostalAddress/com:PostalStructuredAddress/com:AddressLineText (5)
bio-deposit/depositary/address/address-3	com:BioDeposit/com:BioDepositDepositary/com:PostalAddressBag/com:PostalAddress/com:PostalStructuredAddress/com:AddressLineText (4)
bio-deposit/depositary/address/address-3/text()	com:BioDeposit/com:BioDepositDepositary/com:PostalAddressBag/com:PostalAddress/com:PostalStructuredAddress/com:AddressLineText (4)
bio-deposit/depositary/address/address-4	com:BioDeposit/com:BioDepositDepositary/com:PostalAddressBag/com:PostalAddress/com:PostalStructuredAddress/com:AddressLineText (3)
bio-deposit/depositary/address/address-4/text()	com:BioDeposit/com:BioDepositDepositary/com:PostalAddressBag/com:PostalAddress/com:PostalStructuredAddress/com:AddressLineText (3)
bio-deposit/depositary/address/address-5	com:BioDeposit/com:BioDepositDepositary/com:PostalAddressBag/com:PostalAddress/com:PostalStructuredAddress/com:AddressLineText (2)
bio-deposit/depositary/address/address-5/text()	com:BioDeposit/com:BioDepositDepositary/com:PostalAddressBag/com:PostalAddress/com:PostalStructuredAddress/com:AddressLineText (2)
bio-deposit/depositary/address/mailcode	com:BioDeposit/com:BioDepositDepositary/com:PostalAddressBag/com:PostalAddress/com:PostalStructuredAddress/com:PostalCode (2)
bio-deposit/depositary/address/pobox	WIPO.poboxToAddressLineText
bio-deposit/depositary/address/pobox/text()	WIPO.poboxToAddressLineText
bio-deposit/depositary/address/room	WIPO.roomToAddressLineText
bio-deposit/depositary/address/room/text()	WIPO.roomToAddressLineText
bio-deposit/depositary/address/address-floor	WIPO.address-floorToAddressLineText
bio-deposit/depositary/address/address-floor/text()	WIPO.address-floorToAddressLineText
bio-deposit/depositary/address/building	WIPO.buildingToAddressLineText
bio-deposit/depositary/address/building/text()	WIPO.buildingToAddressLineText
bio-deposit/depositary/address/street	WIPO.streetToAddressLineText
bio-deposit/depositary/address/street/text()	WIPO.streetToAddressLineText
bio-deposit/depositary/address/city	com:BioDeposit/com:BioDepositDepositary/com:PostalAddressBag/com:PostalAddress/com:PostalStructuredAddress/com:CityName
bio-deposit/depositary/address/county	com:BioDeposit/com:BioDepositDepositary/com:PostalAddressBag/com:PostalAddress/com:PostalStructuredAddress/com:CountryCode
bio-deposit/depositary/address/postcode	com:BioDeposit/com:BioDepositDepositary/com:PostalAddressBag/com:PostalAddress/com:PostalStructuredAddress/com:PostalCode
bio-deposit/depositary/address/country	com:BioDeposit/com:BioDepositDepositary/com:PostalAddressBag/com:PostalAddress/com:PostalAddressText/@com:languageCode
bio-deposit/depositary/address/text	com:BioDeposit/com:BioDepositTermText/@com:languageCode
bio-deposit/bio-accno	com:BioDeposit/com:BiologicalAccessionNumber
bio-deposit/date	com:BioDeposit/com:BioDepositDate
bio-deposit/term	com:BioDeposit/com:BioDepositTermText
bio-deposit/dtext	com:BioDeposit/com:BioDepositText
pct-or-regional-publishing-data	pat:InternationalPublishingData
pct-or-regional-publishing-data/document-id	pat:InternationalPublishingData/pat:PatentDocumentIdentification/pat:PatentPublicationIdentification
pct-or-regional-publishing-data/gazette-reference	pat:InternationalPublishingData/pat:GazetteReference
pct-or-regional-publishing-data/gazette-reference/@id	pat:InternationalPublishingData/pat:GazetteReference/@com:id
pct-or-regional-publishing-data/gazette-reference/@country	pat:InternationalPublishingData/pat:GazetteReference/com:IPOfficeCode
pct-or-regional-publishing-data/gazette-reference/gazette-num	pat:InternationalPublishingData/pat:GazetteReference/pat:GazetteNumber
pct-or-regional-publishing-data/gazette-reference/date	pat:InternationalPublishingData/pat:GazetteReference/com:PublicationDate
pct-or-regional-publishing-data/gazette-reference/text	pat:InternationalPublishingData/pat:GazetteReference/pat:GazetteReferenceText
name	com:OrganizationStandardName
name/@name-type	com:OrganizationStandardName
name/text()	com:OrganizationStandardName/text()
orgname	com:OrganizationName
orgname/text()	com:OrganizationName/com:OrganizationStandardName/text()
state	com:GeographicRegionName
address-2	com:AddressLineText
address-5	com:AddressLineText
county	com:GeographicRegionName
address-3	com:AddressLineText
pobox	com:AddressLineText
room	com:AddressLineText
address-floor	com:AddressLineText
building	com:AddressLineText
street	com:AddressLineText
address-4	com:AddressLineText
address-1	com:AddressLineText
